DROP DATABASE IF  EXISTS `neptuno` ;
CREATE DATABASE  IF NOT EXISTS `neptuno` /*!40100 DEFAULT CHARACTER SET latin1 */;
USE `neptuno`;
-- MySQL dump 10.13  Distrib 5.7.17, for Win64 (x86_64)
--
-- Host: localhost    Database: neptuno
-- ------------------------------------------------------
-- Server version	5.7.22-log

/*!40101 SET @OLD_CHARACTER_SET_CLIENT=@@CHARACTER_SET_CLIENT */;
/*!40101 SET @OLD_CHARACTER_SET_RESULTS=@@CHARACTER_SET_RESULTS */;
/*!40101 SET @OLD_COLLATION_CONNECTION=@@COLLATION_CONNECTION */;
/*!40101 SET NAMES utf8 */;
/*!40103 SET @OLD_TIME_ZONE=@@TIME_ZONE */;
/*!40103 SET TIME_ZONE='+00:00' */;
/*!40014 SET @OLD_UNIQUE_CHECKS=@@UNIQUE_CHECKS, UNIQUE_CHECKS=0 */;
/*!40014 SET @OLD_FOREIGN_KEY_CHECKS=@@FOREIGN_KEY_CHECKS, FOREIGN_KEY_CHECKS=0 */;
/*!40101 SET @OLD_SQL_MODE=@@SQL_MODE, SQL_MODE='NO_AUTO_VALUE_ON_ZERO' */;
/*!40111 SET @OLD_SQL_NOTES=@@SQL_NOTES, SQL_NOTES=0 */;

--
-- Table structure for table `categorias`
--

DROP TABLE IF EXISTS `categorias`;
/*!40101 SET @saved_cs_client     = @@character_set_client */;
/*!40101 SET character_set_client = utf8 */;
CREATE TABLE `categorias` (
  `IdCategoría` int(10) NOT NULL,
  `NombreCategoría` varchar(15) DEFAULT NULL,
  `Descripción` longtext,
  `Imagen` longblob,
  PRIMARY KEY (`IdCategoría`)
) ENGINE=InnoDB DEFAULT CHARSET=latin1;
/*!40101 SET character_set_client = @saved_cs_client */;

--
-- Dumping data for table `categorias`
--

LOCK TABLES `categorias` WRITE;
/*!40000 ALTER TABLE `categorias` DISABLE KEYS */;
INSERT INTO `categorias` VALUES (1,'Bebidas','Gaseosas, café, té, cervezas y maltas',''),(2,'Condimentos','Salsas dulces y picantes, delicias, comida para untar y aderezos',''),(3,'Repostería','Postres, dulces y pan dulce',''),(4,'Lácteos','Quesos',''),(5,'Granos/Cereales','Pan, galletas, pasta y cereales',''),(6,'Carnes','Carnes preparadas',''),(7,'Frutas/Verduras','Frutas secas y queso de soja',''),(8,'Pescado/Marisco','Pescados, mariscos y algas','');
/*!40000 ALTER TABLE `categorias` ENABLE KEYS */;
UNLOCK TABLES;

--
-- Table structure for table `clientes`
--

DROP TABLE IF EXISTS `clientes`;
/*!40101 SET @saved_cs_client     = @@character_set_client */;
/*!40101 SET character_set_client = utf8 */;
CREATE TABLE `clientes` (
  `IdCliente` varchar(5) NOT NULL,
  `NombreCompañía` varchar(40) DEFAULT NULL,
  `NombreContacto` varchar(30) DEFAULT NULL,
  `CargoContacto` varchar(30) DEFAULT NULL,
  `Dirección` varchar(60) DEFAULT NULL,
  `Ciudad` varchar(15) DEFAULT NULL,
  `Región` varchar(15) DEFAULT NULL,
  `CódPostal` varchar(10) DEFAULT NULL,
  `País` varchar(15) DEFAULT NULL,
  `Teléfono` varchar(24) DEFAULT NULL,
  `Fax` varchar(24) DEFAULT NULL,
  PRIMARY KEY (`IdCliente`),
  KEY `Ciudad` (`Ciudad`)
) ENGINE=InnoDB DEFAULT CHARSET=latin1;
/*!40101 SET character_set_client = @saved_cs_client */;

--
-- Dumping data for table `clientes`
--

LOCK TABLES `clientes` WRITE;
/*!40000 ALTER TABLE `clientes` DISABLE KEYS */;
INSERT INTO `clientes` VALUES ('ANATR','Ana Trujillo Emparedados y helados','Ana Trujillo','Propietario','Avda. de la Constitución 2222','México D.F.','','05021','México','(5) 555-4729','(5) 555-3745'),('ANTON','Antonio Moreno Taquería','Antonio Moreno','Propietario','Mataderos  2312','México D.F.','','05023','México','(5) 555-3932',''),('AROUT','Around the Horn','Thomas Hardy','Representante de ventas','120 Hanover Sq.','Londres','','WA1 1DP','Reino Unido','(71) 555-7788','(71) 555-6750'),('BERGS','Berglunds snabbköp','Christina Berglund','Administrador de pedidos','Berguvsvägen  8','Luleå','','S-958 22','Suecia','0921-12 34 65','0921-12 34 67'),('BLAUS','Blauer See Delikatessen','Hanna Moos','Representante de ventas','Forsterstr. 57','Mannheim','','68306','Alemania','0621-08460','0621-08924'),('BLONP','Blondel père et fils','Frédérique Citeaux','Gerente de marketing','24, place Kléber','Estrasburgo','','67000','Francia','88.60.15.31','88.60.15.32'),('BOLID','Bólido Comidas preparadas','Martín Sommer','Propietario','C/ Araquil, 67','Madrid','','28023','España','(91) 555 22 82','(91) 555 91 99'),('BONAP','Bon app\'\'','Laurence Lebihan','Propietario','12, rue des Bouchers','Marsella','','13008','Francia','91.24.45.40','91.24.45.41'),('BOTTM','Bottom-Dollar Markets','Elizabeth Lincoln','Gerente de contabilidad','23 Tsawassen Blvd.','Tsawassen','BC','T2F 8M4','Canadá','(604) 555-4729','(604) 555-3745'),('BSBEV','B\'s Beverages\'','Victoria Ashworth','Representante de ventas','Fauntleroy Circus','Londres','','EC2 5NT','Reino Unido','(71) 555-1212',''),('CACTU','Cactus Comidas para llevar','Patricio Simpson','Agente de ventas','Cerrito 333','Buenos Aires','','1010','Argentina','(1) 135-5555','(1) 135-4892'),('CENTC','Centro comercial Moctezuma','Francisco Chang','Gerente de marketing','Sierras de Granada 9993','México D.F.','','05022','México','(5) 555-3392','(5) 555-7293'),('CHOPS','Chop-suey Chinese','Yang Wang','Propietario','Hauptstr. 29','Berna','','3012','Suiza','0452-076545',''),('COMMI','Comércio Mineiro','Pedro Afonso','Asistente de ventas','Av. dos Lusíadas, 23','São Paulo','SP','05432-043','Brasil','(11) 555-7647',''),('CONSH','Consolidated Holdings','Elizabeth Brown','Representante de ventas','Berkeley Gardens\r\n12  Brewery ','Londres','','WX1 6LT','Reino Unido','(71) 555-2282','(71) 555-9199'),('DRACD','Drachenblut Delikatessen','Sven Ottlieb','Administrador de pedidos','Walserweg 21','Aachen','','52066','Alemania','0241-039123','0241-059428'),('DUMON','Du monde entier','Janine Labrune','Propietario','67, rue des Cinquante Otages','Nantes','','44000','Francia','40.67.88.88','40.67.89.89'),('EASTC','Eastern Connection','Ann Devon','Agente de ventas','35 King George','Londres','','WX3 6FW','Reino Unido','(71) 555-0297','(71) 555-3373'),('ERNSH','Ernst Handel','Roland Mendel','Gerente de ventas','Kirchgasse 6','Graz','','8010','Austria','7675-3425','7675-3426'),('FAMIA','Familia Arquibaldo','Aria Cruz','Asistente de marketing','Rua Orós, 92','Sao Paulo','SP','05442-030','Brasil','(11) 555-9857',''),('FISSA','FISSA Fabrica Inter. Salchichas S.A.','Diego Roel','Gerente de contabilidad','C/ Moralzarzal, 86','Madrid','','28034','España','(91) 555 94 44','(91) 555 55 93'),('FOLIG','Folies gourmandes','Martine Rancé','Asistente de agente de ventas','184, chaussée de Tournai','Lille','','59000','Francia','20.16.10.16','20.16.10.17'),('FOLKO','Folk och fä HB','Maria Larsson','Propietario','Åkergatan 24','Bräcke','','S-844 67','Suecia','0695-34 67 21',''),('FRANK','Frankenversand','Peter Franken','Gerente de marketing','Berliner Platz 43','München','','80805','Alemania','089-0877310','089-0877451'),('FRANR','France restauration','Carine Schmitt','Gerente de marketing','54, rue Royale','Nantes','','44000','Francia','40.32.21.21','40.32.21.20'),('FRANS','Franchi S.p.A.','Paolo Accorti','Representante de ventas','Via Monte Bianco 34','Torino','','10100','Italia','011-4988260','011-4988261'),('FURIB','Furia Bacalhau e Frutos do Mar','Lino Rodriguez ','Gerente de ventas','Jardim das rosas n. 32','Lisboa','','1675','Portugal','(1) 354-2534','(1) 354-2535'),('GALED','Galería del gastrónomo','Eduardo Saavedra','Gerente de marketing','Rambla de Cataluña, 23','Barcelona','','08022','España','(93) 203 4560','(93) 203 4561'),('GODOS','Godos Cocina Típica','José Pedro Freyre','Gerente de ventas','C/ Romero, 33','Sevilla','','41101','España','(95) 555 82 82',''),('GOURL','Gourmet Lanchonetes','André Fonseca','Asistente de ventas','Av. Brasil, 442','Campinas','SP','04876-786','Brasil','(11) 555-9482',''),('GREAL','Great Lakes Food Market','Howard Snyder','Gerente de marketing','2732 Baker Blvd.','Eugenia','OR','97403','Estados Unidos','(503) 555-7555',''),('GROSR','GROSELLA-Restaurante','Manuel Pereira','Propietario','5ª Ave. Los Palos Grandes','Caracas','DF','1081','Venezuela','(2) 283-2951','(2) 283-3397'),('HANAR','Hanari Carnes','Mario Pontes','Gerente de contabilidad','Rua do Paço, 67','Rio de Janeiro','RJ','05454-876','Brasil','(21) 555-0091','(21) 555-8765'),('HILAA','HILARIÓN-Abastos','Carlos Hernández','Representante de ventas','Carrera 22 con Ave. Carlos Soublette #8-35','San Cristóbal','Táchira','5022','Venezuela','(5) 555-1340','(5) 555-1948'),('HUNGC','Hungry Coyote Import Store','Yoshi Latimer','Representante de ventas','City Center Plaza\r\n516 Main St.','Elgin','OR','97827','Estados Unidos','(503) 555-6874','(503) 555-2376'),('HUNGO','Hungry Owl All-Night Grocers','Patricia McKenna','Asistente de ventas','8 Johnstown Road','Cork','Co. Cork','','Irlanda','2967 542','2967 3333'),('ISLAT','Island Trading','Helen Bennett','Gerente de marketing','Garden House\r\nCrowther Way','Cowes','Isla de Wight','PO31 7PJ','Reino Unido','(198) 555-8888',''),('KOENE','Königlich Essen','Philip Cramer','Asistente de ventas','Maubelstr. 90','Brandenburgo','','14776','Alemania','0555-09876',''),('LACOR','La corne d\'abondance\'','Daniel Tonini','Representante de ventas','67, avenue de l\'Europe\'','Versalles','','78000','Francia','30.59.84.10','30.59.85.11'),('LAMAI','La maison d\'Asie\'','Annette Roulet','Gerente de ventas','1 rue Alsace-Lorraine','Toulouse','','31000','Francia','61.77.61.10','61.77.61.11'),('LAUGB','Laughing Bacchus Wine Cellars','Yoshi Tannamuri','Asistente de marketing','1900 Oak St.','Vancouver','BC','V3F 2K1','Canadá','(604) 555-3392','(604) 555-7293'),('LAZYK','Lazy K Kountry Store','John Steel','Gerente de marketing','12 Orchestra Terrace','Walla Walla','WA','99362','Estados Unidos','(509) 555-7969','(509) 555-6221'),('LEHMS','Lehmanns Marktstand','Renate Messner','Representante de ventas','Magazinweg 7','Francfurt','','60528','Alemania','069-0245984','069-0245874'),('LETSS','Let\'s Stop N Shop\'','Jaime Yorres','Propietario','87 Polk St.\r\nSuite 5','San Francisco','CA','94117','Estados Unidos','(415) 555-5938',''),('LILAS','LILA-Supermercado','Carlos González','Gerente de contabilidad','Carrera 52 con Ave. Bolívar #65-98 Llano Largo','Barquisimeto','Lara','3508','Venezuela','(9) 331-6954','(9) 331-7256'),('LINOD','LINO-Delicateses','Felipe Izquierdo','Propietario','Ave. 5 de Mayo Porlamar','I. de Margarita','Nueva Esparta','4980','Venezuela','(8) 34-56-12','(8) 34-93-93'),('LONEP','Lonesome Pine Restaurant','Fran Wilson','Gerente de ventas','89 Chiaroscuro Rd.','Portland','OR','97219','Estados Unidos','(503) 555-9573','(503) 555-9646'),('MAGAA','Magazzini Alimentari Riuniti','Giovanni Rovelli','Gerente de marketing','Via Ludovico il Moro 22','Bérgamo','','24100','Italia','035-640230','035-640231'),('MAISD','Maison Dewey','Catherine Dewey','Agente de ventas','Rue Joseph-Bens 532','Bruselas','','B-1180','Bélgica','(02) 201 24 67','(02) 201 24 68'),('MEREP','Mère Paillarde','Jean Fresnière','Asistente de marketing','43 rue St. Laurent','Montreal','Québec','H1J 1C3','Canadá','(514) 555-8054','(514) 555-8055'),('MORGK','Morgenstern Gesundkost','Alexander Feuer','Asistente de marketing','Heerstr. 22','Leipzig','','04179','Alemania','0342-023176',''),('NORTS','North/South','Simon Crowther','Asistente de ventas','South House\r\n300 Queensbridge','Londres','','SW7 1RZ','Reino Unido','(71) 555-7733','(71) 555-2530'),('OCEAN','Océano Atlántico Ltda.','Yvonne Moncada','Agente de ventas','Ing. Gustavo Moncada 8585\r\nPiso 20-A','Buenos Aires','','1010','Argentina','(1) 135-5333','(1) 135-5535'),('OLDWO','Old World Delicatessen','Rene Phillips','Representante de ventas','2743 Bering St.','Anchorage','AK','99508','Estados Unidos','(907) 555-7584','(907) 555-2880'),('OTTIK','Ottilies Käseladen','Henriette Pfalzheim','Propietario','Mehrheimerstr. 369','Köln','','50739','Alemania','0221-0644327','0221-0765721'),('PARIS','Paris spécialités','Marie Bertrand','Propietario','265, boulevard Charonne','París','','75012','Francia','(1) 42.34.22.66','(1) 42.34.22.77'),('PERIC','Pericles Comidas clásicas','Guillermo Fernández','Representante de ventas','Calle Dr. Jorge Cash 321','México D.F.','','05033','México','(5) 552-3745','(5) 545-3745'),('PICCO','Piccolo und mehr','Georg Pipps','Gerente de ventas','Geislweg 14','Salzburgo','','5020','Austria','6562-9722','6562-9723'),('PRINI','Princesa Isabel Vinhos','Isabel de Castro','Representante de ventas','Estrada da saúde n. 58','Lisboa','','1756','Portugal','(1) 356-5634',''),('QUEDE','Que Delícia','Bernardo Batista','Gerente de contabilidad','Rua da Panificadora, 12','Rio de Janeiro','RJ','02389-673','Brasil','(21) 555-4252','(21) 555-4545'),('QUEEN','Queen Cozinha','Lúcia Carvalho','Asistente de marketing','Alameda dos Canàrios, 891','Sao Paulo','SP','05487-020','Brasil','(11) 555-1189',''),('QUICK','QUICK-Stop','Horst Kloss','Gerente de contabilidad','Taucherstraße 10','Cunewalde','','01307','Alemania','0372-035188',''),('RANCH','Rancho grande','Sergio Gutiérrez','Representante de ventas','Av. del Libertador 900','Buenos Aires','','1010','Argentina','(1) 123-5555','(1) 123-5556'),('RATTC','Rattlesnake Canyon Grocery','Paula Wilson','Representante agente ventas','2817 Milton Dr.','Albuquerque','NM','87110','Estados Unidos','(505) 555-5939','(505) 555-3620'),('REGGC','Reggiani Caseifici','Maurizio Moroni','Asistente de ventas','Strada Provinciale 124','Reggio Emilia','','42100','Italia','0522-556721','0522-556722'),('RICAR','Ricardo Adocicados','Janete Limeira','Asistente de agente de ventas','Av. Copacabana, 267','Rio de Janeiro','RJ','02389-890','Brasil','(21) 555-3412',''),('RICSU','Richter Supermarkt','Michael Holz','Gerente de ventas','Grenzacherweg 237','Génova','','1203','Suiza','0897-034214',''),('ROMEY','Romero y tomillo','Alejandra Camino','Gerente de contabilidad','Gran Vía, 1','Madrid','','28001','España','(91) 745 6200','(91) 745 6210'),('SANTG','Santé Gourmet','Jonas Bergulfsen','Propietario','Erling Skakkes gate 78','Stavern','','4110','Noruega','07-98 92 35','07-98 92 47'),('SAVEA','Save-a-lot Markets','Jose Pavarotti','Representante de ventas','187 Suffolk Ln.','Boise','ID','83720','Estados Unidos','(208) 555-8097',''),('SEVES','Seven Seas Imports','Hari Kumar','Gerente de ventas','90 Wadhurst Rd.','Londres','','OX15 4NB','Reino Unido','(71) 555-1717','(71) 555-5646'),('SIMOB','Simons bistro','Jytte Petersen','Propietario','Vinbæltet 34','København','','1734','Dinamarca','31 12 34 56','31 13 35 57'),('SPECD','Spécialités du monde','Dominique Perrier','Gerente de marketing','25, rue Lauriston','París','','75016','Francia','(1) 47.55.60.10','(1) 47.55.60.20'),('SPLIR','Split Rail Beer & Ale','Art Braunschweiger','Gerente de ventas','P.O. Box 555','Lander','WY','82520','Estados Unidos','(307) 555-4680','(307) 555-6525'),('SUPRD','Suprêmes délices','Pascale Cartrain','Gerente de contabilidad','Boulevard Tirou, 255','Charleroi','','B-6000','Bélgica','(071) 23 67 22 20','(071) 23 67 22 21'),('THEBI','The Big Cheese','Liz Nixon','Gerente de marketing','89 Jefferson Way\r\nSuite 2','Portland','OR','97201','Estados Unidos','(503) 555-3612',''),('THECR','The Cracker Box','Liu Wong','Asistente de marketing','55 Grizzly Peak Rd.','Butte','MT','59801','Estados Unidos','(406) 555-5834','(406) 555-8083'),('TOMSP','Toms Spezialitäten','Karin Josephs','Gerente de marketing','Luisenstr. 48','Münster','','44087','Alemania','0251-031259','0251-035695'),('TORTU','Tortuga Restaurante','Miguel Angel Paolino','Propietario','Avda. Azteca 123','México D.F.','','05033','México','(5) 555-2933',''),('TRADH','Tradição Hipermercados','Anabela Domingues','Representante de ventas','Av. Inês de Castro, 414','Sao Paulo','SP','05634-030','Brasil','(11) 555-2167','(11) 555-2168'),('TRAIH','Trail\'s Head Gourmet Provisioners\'','Helvetius Nagy','Asistente de ventas','722 DaVinci Blvd.','Kirkland','WA','98034','Estados Unidos','(206) 555-8257','(206) 555-2174'),('VAFFE','Vaffeljernet','Palle Ibsen','Gerente de ventas','Smagsløget 45','Århus','','8200','Dinamarca','86 21 32 43','86 22 33 44'),('VICTE','Victuailles en stock','Mary Saveley','Agente de ventas','2, rue du Commerce','Lion','','69004','Francia','78.32.54.86','78.32.54.87'),('VINET','Vins et alcools Chevalier','Paul Henriot','Gerente de contabilidad','59 rue de l\'Abbaye\'','Reims','','51100','Francia','26.47.15.10','26.47.15.11'),('WANDK','Die Wandernde Kuh','Rita Müller','Representante de ventas','Adenauerallee 900','Stuttgart','','70563','Alemania','0711-020361','0711-035428'),('WARTH','Wartian Herkku','Pirkko Koskitalo','Gerente de contabilidad','Torikatu 38','Oulu','','90110','Finlandia','981-443655','981-443655'),('WELLI','Wellington Importadora','Paula Parente','Gerente de ventas','Rua do Mercado, 12','Resende','SP','08737-363','Brasil','(14) 555-8122',''),('WHITC','White Clover Markets','Karl Jablonski','Propietario','305 - 14th Ave. S.\r\nSuite 3B','Seattle','WA','98128','Estados Unidos','(206) 555-4112','(206) 555-4115'),('WILMK','Wilman Kala','Matti Karttunen','Prop./Asistente marketing','Keskuskatu 45','Helsinki','','21240','Finlandia','90-224 8858','90-224 8858'),('WOLZA','Wolski  Zajazd','Zbyszek Piestrzeniewicz','Propietario','ul. Filtrowa 68','Warszawa','','01-012','Polonia','(26) 642-7012','(26) 642-7012');
/*!40000 ALTER TABLE `clientes` ENABLE KEYS */;
UNLOCK TABLES;

--
-- Table structure for table `companias de envios`
--

DROP TABLE IF EXISTS `companias de envios`;
/*!40101 SET @saved_cs_client     = @@character_set_client */;
/*!40101 SET character_set_client = utf8 */;
CREATE TABLE `companias de envios` (
  `IdCompañíaEnvíos` int(10) NOT NULL,
  `NombreCompañía` varchar(40) DEFAULT NULL,
  `Teléfono` varchar(24) DEFAULT NULL,
  PRIMARY KEY (`IdCompañíaEnvíos`)
) ENGINE=InnoDB DEFAULT CHARSET=latin1;
/*!40101 SET character_set_client = @saved_cs_client */;

--
-- Dumping data for table `companias de envios`
--

LOCK TABLES `companias de envios` WRITE;
/*!40000 ALTER TABLE `companias de envios` DISABLE KEYS */;
INSERT INTO `companias de envios` VALUES (1,'Speedy Express','(503) 555-9831'),(2,'United Package','(503) 555-3199'),(3,'Federal Shipping','(503) 555-9931');
/*!40000 ALTER TABLE `companias de envios` ENABLE KEYS */;
UNLOCK TABLES;

--
-- Table structure for table `detalles de pedidos`
--

DROP TABLE IF EXISTS `detalles de pedidos`;
/*!40101 SET @saved_cs_client     = @@character_set_client */;
/*!40101 SET character_set_client = utf8 */;
CREATE TABLE `detalles de pedidos` (
  `IdPedido` int(10) NOT NULL,
  `IdProducto` int(10) NOT NULL,
  `PrecioUnidad` decimal(19,4) DEFAULT NULL,
  `Cantidad` smallint(5) DEFAULT NULL,
  `Descuento` double DEFAULT NULL,
  PRIMARY KEY (`IdPedido`,`IdProducto`),
  KEY `ProductosDetalles de pedidos` (`IdProducto`),
  CONSTRAINT `PedidosDetalles de pedidos` FOREIGN KEY (`IdPedido`) REFERENCES `pedidos` (`IdPedido`) ON DELETE CASCADE,
  CONSTRAINT `ProductosDetalles de pedidos` FOREIGN KEY (`IdProducto`) REFERENCES `productos` (`IdProducto`)
) ENGINE=InnoDB DEFAULT CHARSET=latin1;
/*!40101 SET character_set_client = @saved_cs_client */;

--
-- Dumping data for table `detalles de pedidos`
--

LOCK TABLES `detalles de pedidos` WRITE;
/*!40000 ALTER TABLE `detalles de pedidos` DISABLE KEYS */;
/*!40000 ALTER TABLE `detalles de pedidos` ENABLE KEYS */;
UNLOCK TABLES;

--
-- Table structure for table `empleados`
--

DROP TABLE IF EXISTS `empleados`;
/*!40101 SET @saved_cs_client     = @@character_set_client */;
/*!40101 SET character_set_client = utf8 */;
CREATE TABLE `empleados` (
  `IdEmpleado` int(10) NOT NULL,
  `Apellidos` varchar(20) DEFAULT NULL,
  `Nombre` varchar(10) DEFAULT NULL,
  `Cargo` varchar(30) DEFAULT NULL,
  `Tratamiento` varchar(25) DEFAULT NULL,
  `FechaNacimiento` datetime DEFAULT NULL,
  `FechaContratación` datetime DEFAULT NULL,
  `Dirección` varchar(60) DEFAULT NULL,
  `Ciudad` varchar(15) DEFAULT NULL,
  `Región` varchar(15) DEFAULT NULL,
  `CódPostal` varchar(10) DEFAULT NULL,
  `País` varchar(15) DEFAULT NULL,
  `TelDomicilio` varchar(24) DEFAULT NULL,
  `Extensión` varchar(4) DEFAULT NULL,
  `Foto` varchar(255) DEFAULT NULL,
  `Notas` longtext,
  `Jefe` int(10) DEFAULT NULL,
  PRIMARY KEY (`IdEmpleado`),
  KEY `Apellidos` (`Apellidos`)
) ENGINE=InnoDB DEFAULT CHARSET=latin1;
/*!40101 SET character_set_client = @saved_cs_client */;

--
-- Dumping data for table `empleados`
--

LOCK TABLES `empleados` WRITE;
/*!40000 ALTER TABLE `empleados` DISABLE KEYS */;
INSERT INTO `empleados` VALUES (1,'	Davolio	','	Nancy	','	Representante de ventas	','	Srta.	','1968-12-08 00:00:00','1992-05-01 00:00:00','507 - 20th Ave. E.Apt. 2A	','	Seattle	','	WA	','	98122	','	EE.UU.','	(206) 555-9857	','5467','	EMPID1.BMP	','	Su formación incluye una licenciatura en Psicología por la Universidad del Estado de Colorado. También escribió \"El arte de la llamada en frío\". Nancy es miembro de Toastmasters International.',2),(2,'	Fuller	','	Andrew	','	Vicepresidente comercial	','	Dr.	','1952-02-19 00:00:00','1992-08-14 00:00:00','	908 W. Capital Way	','	Tacoma	','	WA	','	98401	','	EE.UU.	','	(206) 555-9482	','3457','	EMPID2.BMP	','	\"Andrew completó su licenciatura en Comercio y un doctorado en Marketing Internacional de la Universidad de Dallas. Habla con fluidez en francés e italiano y lee el alemán. Ingresó en la empresa como representante de ventas, fue ascendido a gerente de cuentas y después fue nombrado vicepresidente comercial.\nAndrew es miembro de la Mesa redonda de administración de Ventas, la Cámara de comercio de Seattle y de la Asociación de importadores de la Cuenca del Pacífico.\"	',NULL),(3,'	Leverling	','	Janet	','	Representante de ventas	','	Srta.	','1963-08-30 00:00:00','1992-04-01 00:00:00','	722 Moss Bay Blvd.	','	Kirkland	','	WA	','	98033	','	EE.UU.	','	(206) 555-3412	','3355','	EMPID3.BMP	','	Janet es licenciada en Química por la Universidad de Boston. También ha completado un programa de formación en Gestión de minoristas de alimentación. Janet fue contratada como vendedora asociada y fue ascendida a representante de ventas.	',2),(4,'	Peacock	','	Margaret	','	Representante de ventas	','	Sra.	','1958-09-19 00:00:00','1993-05-03 00:00:00','	4110 Old Redmond Rd.	','	Redmond	','	WA	','	98052	','	EE.UU.	','	(206) 555-8122	','5176','	EMPID4.BMP	','	Margaret es licenciada en Literatura inglesa por el Colegio Universitario Concordia, y tiene un máster del Instituto Americano de Artes Culinarias. Estuvo asignada temporalmente a la oficina de Londres antes de regresar a su puesto permanente en Seattle.	',2),(5,'	Buchanan	','	Steven	','	Gerente de ventas	','	Sr.	','1955-03-04 00:00:00','1993-10-17 00:00:00','	14 Garrett Hill	','	Londres	','		','	SW1 8JR	','	Reino Unido	','	(71) 555-4848	','3453','	EMPID5.BMP	','	Steven Buchanan se graduó en la Universidad de St. Andrews, Escocia. Tras su ingreso en la empresa dedicó 6 meses a un programa de orientación en la oficina de Seattle y luego volvió a su puesto permanente en Londres, donde fue ascendido a gerente de ventas. Completó con éxito los cursos de Telemarketing y Gestión de ventas internacional. Habla francés.	',2),(6,'	Suyama	','	Michael	','	Representante de ventas	','	Sr.	','1963-07-02 00:00:00','1993-10-17 00:00:00','Coventry House\nMiner Rd.	','	Londres	','		','	EC2 7JR	','	Reino Unido	','	(71) 555-7773	','428','	EMPID6.BMP	','	\"Michael se graduó en la Universidad de Sussex (MA, economía) y la Universidad de California en Los Angeles (MBA, marketing). También ha asistido a cursos de Ventas multiculturales y Administración del tiempo para profesionales de ventas. Habla\njaponés y lee y escribe en francés, portugués y español.\"	',5),(7,'	King	','	Robert	','	Representante de ventas	','	Sr.	','1960-05-29 00:00:00','1994-01-02 00:00:00','	Edgeham Hollow\nWinchester Way	','	Londres	','		','	RG1 9SP	','	Reino Unido	','	(71) 555-5598	','465','	EMPID7.BMP	','	\"Robert King colaboró en la organización Peace Corps y viajó extensamente antes de completar su licenciatura en inglés en la Universidad de Michigan, el año en que ingresó en la empresa. Después de completar un curso denominado \"\"Ventas en Europa\"\", fue\ntransferido a la oficina de Londres.\"	',5),(8,'	Callahan	','	Laura	','	Coordinador ventas interno	','	Srta.	','1958-01-09 00:00:00','1994-03-05 00:00:00','	4726 - 11th Ave. N.E.	','	Seattle	','	WA	','	98105	','	EE.UU.	','	(206) 555-1189	','2344','	EMPID8.BMP	','	Laura se graduó en Psicología por la Universidad de Washington. También completó un curso de francés de negocios. Lee y escribe en francés.	',2),(9,'	Dodsworth	','	Anne	','	Representante de ventas	','	Srta.	','1969-07-02 00:00:00','1994-11-15 00:00:00','	7 Houndstooth Rd.	','	Londres	','		','	WG2 7LT	','	Reino Unido	','	(71) 555-4444	','452','	EMPID9.BMP	','	Anne tiene una licenciatura en inglés por el  St. Lawrence College.  Habla con fluidez el francés y el alemán.	',5);
/*!40000 ALTER TABLE `empleados` ENABLE KEYS */;
UNLOCK TABLES;

--
-- Table structure for table `pedidos`
--

DROP TABLE IF EXISTS `pedidos`;
/*!40101 SET @saved_cs_client     = @@character_set_client */;
/*!40101 SET character_set_client = utf8 */;
CREATE TABLE `pedidos` (
  `IdPedido` int(10) NOT NULL,
  `IdCliente` varchar(5) DEFAULT NULL,
  `IdEmpleado` int(10) DEFAULT NULL,
  `FechaPedido` datetime DEFAULT NULL,
  `FechaEntrega` datetime DEFAULT NULL,
  `FechaEnvío` datetime DEFAULT NULL,
  `FormaEnvío` int(10) DEFAULT NULL,
  `Cargo` decimal(19,4) DEFAULT NULL,
  `Destinatario` varchar(40) DEFAULT NULL,
  `DirecciónDestinatario` varchar(60) DEFAULT NULL,
  `CiudadDestinatario` varchar(15) DEFAULT NULL,
  `RegiónDestinatario` varchar(15) DEFAULT NULL,
  `CódPostalDestinatario` varchar(10) DEFAULT NULL,
  `PaísDestinatario` varchar(15) DEFAULT NULL,
  PRIMARY KEY (`IdPedido`),
  KEY `FechaPedido` (`FechaPedido`),
  KEY `EmpleadosPedidos` (`IdEmpleado`),
  KEY `Compañías de envíosPedidos` (`FormaEnvío`),
  KEY `ClientesPedidos` (`IdCliente`),
  CONSTRAINT `ClientesPedidos` FOREIGN KEY (`IdCliente`) REFERENCES `clientes` (`IdCliente`) ON DELETE CASCADE ON UPDATE CASCADE,
  CONSTRAINT `Compañías de envíosPedidos` FOREIGN KEY (`FormaEnvío`) REFERENCES `companias de envios` (`IdCompañíaEnvíos`),
  CONSTRAINT `EmpleadosPedidos` FOREIGN KEY (`IdEmpleado`) REFERENCES `empleados` (`IdEmpleado`)
) ENGINE=InnoDB DEFAULT CHARSET=latin1;
/*!40101 SET character_set_client = @saved_cs_client */;

--
-- Dumping data for table `pedidos`
--

LOCK TABLES `pedidos` WRITE;
/*!40000 ALTER TABLE `pedidos` DISABLE KEYS */;
INSERT INTO `pedidos` VALUES (10248,'WILMK',5,'1996-07-04 00:00:00','1996-08-01 00:00:00','1996-07-16 00:00:00',3,32.3800,'Wilman Kala','Keskuskatu 45','Helsinki','','21240','Finlandia'),(10249,'TOMSP',6,'1996-07-05 00:00:00','1996-08-16 00:00:00','1996-07-10 00:00:00',1,11.6100,'Toms Spezialitäten','Luisenstr. 48','Münster','','44087','Alemania'),(10250,'HANAR',4,'1996-07-08 00:00:00','1996-08-05 00:00:00','1996-07-12 00:00:00',2,65.8300,'Hanari Carnes','Rua do Paço, 67','Río de Janeiro','RJ','05454-876','Brasil'),(10251,'VICTE',3,'1996-07-08 00:00:00','1996-08-05 00:00:00','1996-07-15 00:00:00',1,41.3400,'Victuailles en stock','2, rue du Commerce','Lyon','','69004','Francia'),(10252,'SUPRD',4,'1996-07-09 00:00:00','1996-08-06 00:00:00','1996-07-11 00:00:00',2,51.3000,'Suprêmes délices','Boulevard Tirou, 255','Charleroi','','B-6000','Bélgica'),(10253,'HANAR',3,'1996-07-10 00:00:00','1996-07-24 00:00:00','1996-07-16 00:00:00',2,58.1700,'Hanari Carnes','Rua do Paço, 67','Río de Janeiro','RJ','05454-876','Brasil'),(10254,'CHOPS',5,'1996-07-11 00:00:00','1996-08-08 00:00:00','1996-07-23 00:00:00',2,22.9800,'Chop-suey Chinese','Hauptstr. 31','Bern','','3012','Suiza'),(10255,'RICSU',9,'1996-07-12 00:00:00','1996-08-09 00:00:00','1996-07-15 00:00:00',3,148.3300,'Richter Supermarkt','Starenweg 5','Genève','','1204','Suiza'),(10256,'WELLI',3,'1996-07-15 00:00:00','1996-08-12 00:00:00','1996-07-17 00:00:00',2,13.9700,'Wellington Importadora','Rua do Mercado, 12','Resende','SP','08737-363','Brasil'),(10257,'HILAA',4,'1996-07-16 00:00:00','1996-08-13 00:00:00','1996-07-22 00:00:00',3,81.9100,'HILARIÓN-Abastos','Carrera 22 con Ave. Carlos Soublette #8-35','San Cristóbal','Táchira','5022','Venezuela'),(10258,'ERNSH',1,'1996-07-17 00:00:00','1996-08-14 00:00:00','1996-07-23 00:00:00',1,140.5100,'Ernst Handel','Kirchgasse 6','Graz','','8010','Austria'),(10259,'CENTC',4,'1996-07-18 00:00:00','1996-08-15 00:00:00','1996-07-25 00:00:00',3,3.2500,'Centro comercial Moctezuma','Sierras de Granada 9993','México D.F.','','5022','México'),(10260,'OTTIK',4,'1996-07-19 00:00:00','1996-08-16 00:00:00','1996-07-29 00:00:00',1,55.0900,'Ottilies Käseladen','Mehrheimerstr. 369','Köln','','50739','Alemania'),(10261,'QUEDE',4,'1996-07-19 00:00:00','1996-08-16 00:00:00','1996-07-30 00:00:00',2,3.0500,'Que Delícia','Rua da Panificadora, 12','Río de Janeiro','RJ','02389-673','Brasil'),(10262,'RATTC',8,'1996-07-22 00:00:00','1996-08-19 00:00:00','1996-07-25 00:00:00',3,48.2900,'Rattlesnake Canyon Grocery','2817 Milton Dr.','Albuquerque','NM','87110','Estados Unidos'),(10263,'ERNSH',9,'1996-07-23 00:00:00','1996-08-20 00:00:00','1996-07-31 00:00:00',3,146.0600,'Ernst Handel','Kirchgasse 6','Graz','','8010','Austria'),(10264,'FOLKO',6,'1996-07-24 00:00:00','1996-08-21 00:00:00','1996-08-23 00:00:00',3,3.6700,'Folk och fä HB','Åkergatan 24','Bräcke','','S-844 67','Suecia'),(10265,'BLONP',2,'1996-07-25 00:00:00','1996-08-22 00:00:00','1996-08-12 00:00:00',1,55.2800,'Blondel père et fils','24, place Kléber','Strasbourg','','67000','Francia'),(10266,'WARTH',3,'1996-07-26 00:00:00','1996-09-06 00:00:00','1996-07-31 00:00:00',3,25.7300,'Wartian Herkku','Torikatu 38','Oulu','','90110','Finlandia'),(10267,'FRANK',4,'1996-07-29 00:00:00','1996-08-26 00:00:00','1996-08-06 00:00:00',1,208.5800,'Frankenversand','Berliner Platz 43','München','','80805','Alemania'),(10268,'GROSR',8,'1996-07-30 00:00:00','1996-08-27 00:00:00','1996-08-02 00:00:00',3,66.2900,'GROSELLA-Restaurante','5ª Ave. Los Palos Grandes','Caracas','DF','1081','Venezuela'),(10269,'WHITC',5,'1996-07-31 00:00:00','1996-08-14 00:00:00','1996-08-09 00:00:00',1,4.5600,'White Clover Markets','1029 - 12th Ave. S.','Seattle','WA','98124','Estados Unidos'),(10270,'WARTH',1,'1996-08-01 00:00:00','1996-08-29 00:00:00','1996-08-02 00:00:00',1,136.5400,'Wartian Herkku','Torikatu 38','Oulu','','90110','Finlandia'),(10271,'SPLIR',6,'1996-08-01 00:00:00','1996-08-29 00:00:00','1996-08-30 00:00:00',2,4.5400,'Split Rail Beer & Ale','P.O. Box 555','Lander','WY','82520','Estados Unidos'),(10272,'RATTC',6,'1996-08-02 00:00:00','1996-08-30 00:00:00','1996-08-06 00:00:00',2,98.0300,'Rattlesnake Canyon Grocery','2817 Milton Dr.','Albuquerque','NM','87110','Estados Unidos'),(10273,'QUICK',3,'1996-08-05 00:00:00','1996-09-02 00:00:00','1996-08-12 00:00:00',3,76.0700,'QUICK-Stop','Taucherstraße 10','Cunewalde','','1307','Alemania'),(10274,'VINET',6,'1996-08-06 00:00:00','1996-09-03 00:00:00','1996-08-16 00:00:00',1,6.0100,'Vins et alcools Chevalier','59 rue de l\'Abbaye','Reims','','51100','Francia'),(10275,'MAGAA',1,'1996-08-07 00:00:00','1996-09-04 00:00:00','1996-08-09 00:00:00',1,26.9300,'Magazzini Alimentari Riuniti','Via Ludovico il Moro 22','Bérgamo','','24100','Italia'),(10276,'TORTU',8,'1996-08-08 00:00:00','1996-08-22 00:00:00','1996-08-14 00:00:00',3,13.8400,'Tortuga Restaurante','Avda. Azteca 123','México D.F.','','5033','México'),(10277,'MORGK',2,'1996-08-09 00:00:00','1996-09-06 00:00:00','1996-08-13 00:00:00',3,125.7700,'Morgenstern Gesundkost','Heerstr. 22','Leipzig','','4179','Alemania'),(10278,'BERGS',8,'1996-08-12 00:00:00','1996-09-09 00:00:00','1996-08-16 00:00:00',2,92.6900,'Berglunds snabbköp','Berguvsvägen  8','Luleå','','S-958 22','Suecia'),(10279,'LEHMS',8,'1996-08-13 00:00:00','1996-09-10 00:00:00','1996-08-16 00:00:00',2,25.8300,'Lehmanns Marktstand','Magazinweg 7','Frankfurt a.M. ','','60528','Alemania'),(10280,'BERGS',2,'1996-08-14 00:00:00','1996-09-11 00:00:00','1996-09-12 00:00:00',1,8.9800,'Berglunds snabbköp','Berguvsvägen  8','Luleå','','S-958 22','Suecia'),(10281,'ROMEY',4,'1996-08-14 00:00:00','1996-08-28 00:00:00','1996-08-21 00:00:00',1,2.9400,'Romero y tomillo','Gran Vía, 1','Madrid','','28001','España'),(10282,'ROMEY',4,'1996-08-15 00:00:00','1996-09-12 00:00:00','1996-08-21 00:00:00',1,12.6900,'Romero y tomillo','Gran Vía, 1','Madrid','','28001','España'),(10283,'LILAS',3,'1996-08-16 00:00:00','1996-09-13 00:00:00','1996-08-23 00:00:00',3,84.8100,'LILA-Supermercado','Carrera 52 con Ave. Bolívar #65-98 Llano Largo','Barquisimeto','Lara','3508','Venezuela'),(10284,'LEHMS',4,'1996-08-19 00:00:00','1996-09-16 00:00:00','1996-08-27 00:00:00',1,76.5600,'Lehmanns Marktstand','Magazinweg 7','Frankfurt a.M. ','','60528','Alemania'),(10285,'QUICK',1,'1996-08-20 00:00:00','1996-09-17 00:00:00','1996-08-26 00:00:00',2,76.8300,'QUICK-Stop','Taucherstraße 10','Cunewalde','','1307','Alemania'),(10286,'QUICK',8,'1996-08-21 00:00:00','1996-09-18 00:00:00','1996-08-30 00:00:00',3,229.2400,'QUICK-Stop','Taucherstraße 10','Cunewalde','','1307','Alemania'),(10287,'RICAR',8,'1996-08-22 00:00:00','1996-09-19 00:00:00','1996-08-28 00:00:00',3,12.7600,'Ricardo Adocicados','Av. Copacabana, 267','Río de Janeiro','RJ','02389-890','Brasil'),(10288,'REGGC',4,'1996-08-23 00:00:00','1996-09-20 00:00:00','1996-09-03 00:00:00',1,7.4500,'Reggiani Caseifici','Strada Provinciale 124','Reggio Emilia','','42100','Italia'),(10289,'BSBEV',7,'1996-08-26 00:00:00','1996-09-23 00:00:00','1996-08-28 00:00:00',3,22.7700,'B\'s Beverages','Fauntleroy Circus','London','','EC2 5NT','Reino Unido'),(10290,'COMMI',8,'1996-08-27 00:00:00','1996-09-24 00:00:00','1996-09-03 00:00:00',1,79.7000,'Comércio Mineiro','Av. dos Lusíadas, 23','São Paulo','SP','05432-043','Brasil'),(10291,'QUEDE',6,'1996-08-27 00:00:00','1996-09-24 00:00:00','1996-09-04 00:00:00',2,6.4000,'Que Delícia','Rua da Panificadora, 12','Río de Janeiro','RJ','02389-673','Brasil'),(10292,'TRADH',1,'1996-08-28 00:00:00','1996-09-25 00:00:00','1996-09-02 00:00:00',2,1.3500,'Tradição Hipermercados','Av. Inês de Castro, 414','São Paulo','SP','05634-030','Brasil'),(10293,'TORTU',1,'1996-08-29 00:00:00','1996-09-26 00:00:00','1996-09-11 00:00:00',3,21.1800,'Tortuga Restaurante','Avda. Azteca 123','México D.F.','','5033','México'),(10294,'RATTC',4,'1996-08-30 00:00:00','1996-09-27 00:00:00','1996-09-05 00:00:00',2,147.2600,'Rattlesnake Canyon Grocery','2817 Milton Dr.','Albuquerque','NM','87110','Estados Unidos'),(10295,'VINET',2,'1996-09-02 00:00:00','1996-09-30 00:00:00','1996-09-10 00:00:00',2,1.1500,'Vins et alcools Chevalier','59 rue de l\'Abbaye','Reims','','51100','Francia'),(10296,'LILAS',6,'1996-09-03 00:00:00','1996-10-01 00:00:00','1996-09-11 00:00:00',1,0.1200,'LILA-Supermercado','Carrera 52 con Ave. Bolívar #65-98 Llano Largo','Barquisimeto','Lara','3508','Venezuela'),(10297,'BLONP',5,'1996-09-04 00:00:00','1996-10-16 00:00:00','1996-09-10 00:00:00',2,5.7400,'Blondel père et fils','24, place Kléber','Strasbourg','','67000','Francia'),(10298,'HUNGO',6,'1996-09-05 00:00:00','1996-10-03 00:00:00','1996-09-11 00:00:00',2,168.2200,'Hungry Owl All-Night Grocers','8 Johnstown Road','Cork','Co. Cork','','Irlanda'),(10299,'RICAR',4,'1996-09-06 00:00:00','1996-10-04 00:00:00','1996-09-13 00:00:00',2,29.7600,'Ricardo Adocicados','Av. Copacabana, 267','Río de Janeiro','RJ','02389-890','Brasil'),(10300,'MAGAA',2,'1996-09-09 00:00:00','1996-10-07 00:00:00','1996-09-18 00:00:00',2,17.6800,'Magazzini Alimentari Riuniti','Via Ludovico il Moro 22','Bérgamo','','24100','Italia'),(10301,'WANDK',8,'1996-09-09 00:00:00','1996-10-07 00:00:00','1996-09-17 00:00:00',2,45.0800,'Die Wandernde Kuh','Adenauerallee 900','Stuttgart','','70563','Alemania'),(10302,'SUPRD',4,'1996-09-10 00:00:00','1996-10-08 00:00:00','1996-10-09 00:00:00',2,6.2700,'Suprêmes délices','Boulevard Tirou, 255','Charleroi','','B-6000','Bélgica'),(10303,'GODOS',7,'1996-09-11 00:00:00','1996-10-09 00:00:00','1996-09-18 00:00:00',2,107.8300,'Godos Cocina Típica','C/ Romero, 33','Sevilla','','41101','España'),(10304,'TORTU',1,'1996-09-12 00:00:00','1996-10-10 00:00:00','1996-09-17 00:00:00',2,63.7900,'Tortuga Restaurante','Avda. Azteca 123','México D.F.','','5033','México'),(10305,'OLDWO',8,'1996-09-13 00:00:00','1996-10-11 00:00:00','1996-10-09 00:00:00',3,257.6200,'Old World Delicatessen','2743 Bering St.','Anchorage','AK','99508','Estados Unidos'),(10306,'ROMEY',1,'1996-09-16 00:00:00','1996-10-14 00:00:00','1996-09-23 00:00:00',3,7.5600,'Romero y tomillo','Gran Vía, 1','Madrid','','28001','España'),(10307,'LONEP',2,'1996-09-17 00:00:00','1996-10-15 00:00:00','1996-09-25 00:00:00',2,0.5600,'Lonesome Pine Restaurant','89 Chiaroscuro Rd.','Portland','OR','97219','Estados Unidos'),(10308,'ANATR',7,'1996-09-18 00:00:00','1996-10-16 00:00:00','1996-09-24 00:00:00',3,1.6100,'Ana Trujillo Emparedados y helados','Avda. de la Constitución 2222','México D.F.','','5021','México'),(10309,'HUNGO',3,'1996-09-19 00:00:00','1996-10-17 00:00:00','1996-10-23 00:00:00',1,47.3000,'Hungry Owl All-Night Grocers','8 Johnstown Road','Cork','Co. Cork','','Irlanda'),(10310,'THEBI',8,'1996-09-20 00:00:00','1996-10-18 00:00:00','1996-09-27 00:00:00',2,17.5200,'The Big Cheese','89 Jefferson Way\r\nSuite 2','Portland','OR','97201','Estados Unidos'),(10311,'DUMON',1,'1996-09-20 00:00:00','1996-10-04 00:00:00','1996-09-26 00:00:00',3,24.6900,'Du monde entier','67, rue des Cinquante Otages','Nantes','','44000','Francia'),(10312,'WANDK',2,'1996-09-23 00:00:00','1996-10-21 00:00:00','1996-10-03 00:00:00',2,40.2600,'Die Wandernde Kuh','Adenauerallee 900','Stuttgart','','70563','Alemania'),(10313,'QUICK',2,'1996-09-24 00:00:00','1996-10-22 00:00:00','1996-10-04 00:00:00',2,1.9600,'QUICK-Stop','Taucherstraße 10','Cunewalde','','1307','Alemania'),(10314,'RATTC',1,'1996-09-25 00:00:00','1996-10-23 00:00:00','1996-10-04 00:00:00',2,74.1600,'Rattlesnake Canyon Grocery','2817 Milton Dr.','Albuquerque','NM','87110','Estados Unidos'),(10315,'ISLAT',4,'1996-09-26 00:00:00','1996-10-24 00:00:00','1996-10-03 00:00:00',2,41.7600,'Island Trading','Garden House\r\nCrowther Way','Cowes','Isle of Wight','PO31 7PJ','Reino Unido'),(10316,'RATTC',1,'1996-09-27 00:00:00','1996-10-25 00:00:00','1996-10-08 00:00:00',3,150.1500,'Rattlesnake Canyon Grocery','2817 Milton Dr.','Albuquerque','NM','87110','Estados Unidos'),(10317,'LONEP',6,'1996-09-30 00:00:00','1996-10-28 00:00:00','1996-10-10 00:00:00',1,12.6900,'Lonesome Pine Restaurant','89 Chiaroscuro Rd.','Portland','OR','97219','Estados Unidos'),(10318,'ISLAT',8,'1996-10-01 00:00:00','1996-10-29 00:00:00','1996-10-04 00:00:00',2,4.7300,'Island Trading','Garden House\r\nCrowther Way','Cowes','Isle of Wight','PO31 7PJ','Reino Unido'),(10319,'TORTU',7,'1996-10-02 00:00:00','1996-10-30 00:00:00','1996-10-11 00:00:00',3,64.5000,'Tortuga Restaurante','Avda. Azteca 123','México D.F.','','5033','México'),(10320,'WARTH',5,'1996-10-03 00:00:00','1996-10-17 00:00:00','1996-10-18 00:00:00',3,34.5700,'Wartian Herkku','Torikatu 38','Oulu','','90110','Finlandia'),(10321,'ISLAT',3,'1996-10-03 00:00:00','1996-10-31 00:00:00','1996-10-11 00:00:00',2,3.4300,'Island Trading','Garden House\r\nCrowther Way','Cowes','Isle of Wight','PO31 7PJ','Reino Unido'),(10322,'PERIC',7,'1996-10-04 00:00:00','1996-11-01 00:00:00','1996-10-23 00:00:00',3,0.4000,'Pericles Comidas clásicas','Calle Dr. Jorge Cash 321','México D.F.','','5033','México'),(10323,'KOENE',4,'1996-10-07 00:00:00','1996-11-04 00:00:00','1996-10-14 00:00:00',1,4.8800,'Königlich Essen','Maubelstr. 90','Brandenburg','','14776','Alemania'),(10324,'SAVEA',9,'1996-10-08 00:00:00','1996-11-05 00:00:00','1996-10-10 00:00:00',1,214.2700,'Save-a-lot Markets','187 Suffolk Ln.','Boise','ID','83720','Estados Unidos'),(10325,'KOENE',1,'1996-10-09 00:00:00','1996-10-23 00:00:00','1996-10-14 00:00:00',3,64.8600,'Königlich Essen','Maubelstr. 90','Brandenburg','','14776','Alemania'),(10326,'BOLID',4,'1996-10-10 00:00:00','1996-11-07 00:00:00','1996-10-14 00:00:00',2,77.9200,'Bólido Comidas preparadas','C/ Araquil, 67','Madrid','','28023','España'),(10327,'FOLKO',2,'1996-10-11 00:00:00','1996-11-08 00:00:00','1996-10-14 00:00:00',1,63.3600,'Folk och fä HB','Åkergatan 24','Bräcke','','S-844 67','Suecia'),(10328,'FURIB',4,'1996-10-14 00:00:00','1996-11-11 00:00:00','1996-10-17 00:00:00',3,87.0300,'Furia Bacalhau e Frutos do Mar','Jardim das rosas n. 32','Lisboa','','1675','Portugal'),(10329,'SPLIR',4,'1996-10-15 00:00:00','1996-11-26 00:00:00','1996-10-23 00:00:00',2,191.6700,'Split Rail Beer & Ale','P.O. Box 555','Lander','WY','82520','Estados Unidos'),(10330,'LILAS',3,'1996-10-16 00:00:00','1996-11-13 00:00:00','1996-10-28 00:00:00',1,12.7500,'LILA-Supermercado','Carrera 52 con Ave. Bolívar #65-98 Llano Largo','Barquisimeto','Lara','3508','Venezuela'),(10331,'BONAP',9,'1996-10-16 00:00:00','1996-11-27 00:00:00','1996-10-21 00:00:00',1,10.1900,'Bon app\'','12, rue des Bouchers','Marseille','','13008','Francia'),(10332,'MEREP',3,'1996-10-17 00:00:00','1996-11-28 00:00:00','1996-10-21 00:00:00',2,52.8400,'Mère Paillarde','43 rue St. Laurent','Montréal','Québec','H1J 1C3','Canadá'),(10333,'WARTH',5,'1996-10-18 00:00:00','1996-11-15 00:00:00','1996-10-25 00:00:00',3,0.5900,'Wartian Herkku','Torikatu 38','Oulu','','90110','Finlandia'),(10334,'VICTE',8,'1996-10-21 00:00:00','1996-11-18 00:00:00','1996-10-28 00:00:00',2,8.5600,'Victuailles en stock','2, rue du Commerce','Lyon','','69004','Francia'),(10335,'HUNGO',7,'1996-10-22 00:00:00','1996-11-19 00:00:00','1996-10-24 00:00:00',2,42.1100,'Hungry Owl All-Night Grocers','8 Johnstown Road','Cork','Co. Cork','','Irlanda'),(10336,'PRINI',7,'1996-10-23 00:00:00','1996-11-20 00:00:00','1996-10-25 00:00:00',2,15.5100,'Princesa Isabel Vinhos','Estrada da saúde n. 58','Lisboa','','1756','Portugal'),(10337,'FRANK',4,'1996-10-24 00:00:00','1996-11-21 00:00:00','1996-10-29 00:00:00',3,108.2600,'Frankenversand','Berliner Platz 43','München','','80805','Alemania'),(10338,'OLDWO',4,'1996-10-25 00:00:00','1996-11-22 00:00:00','1996-10-29 00:00:00',3,84.2100,'Old World Delicatessen','2743 Bering St.','Anchorage','AK','99508','Estados Unidos'),(10339,'MEREP',2,'1996-10-28 00:00:00','1996-11-25 00:00:00','1996-11-04 00:00:00',2,15.6600,'Mère Paillarde','43 rue St. Laurent','Montréal','Québec','H1J 1C3','Canadá'),(10340,'BONAP',1,'1996-10-29 00:00:00','1996-11-26 00:00:00','1996-11-08 00:00:00',3,166.3100,'Bon app\'','12, rue des Bouchers','Marseille','','13008','Francia'),(10341,'SIMOB',7,'1996-10-29 00:00:00','1996-11-26 00:00:00','1996-11-05 00:00:00',3,26.7800,'Simons bistro','Vinbæltet 34','København','','1734','Dinamarca'),(10342,'FRANK',4,'1996-10-30 00:00:00','1996-11-13 00:00:00','1996-11-04 00:00:00',2,54.8300,'Frankenversand','Berliner Platz 43','München','','80805','Alemania'),(10343,'LEHMS',4,'1996-10-31 00:00:00','1996-11-28 00:00:00','1996-11-06 00:00:00',1,110.3700,'Lehmanns Marktstand','Magazinweg 7','Frankfurt a.M. ','','60528','Alemania'),(10344,'WHITC',4,'1996-11-01 00:00:00','1996-11-29 00:00:00','1996-11-05 00:00:00',2,23.2900,'White Clover Markets','1029 - 12th Ave. S.','Seattle','WA','98124','Estados Unidos'),(10345,'QUICK',2,'1996-11-04 00:00:00','1996-12-02 00:00:00','1996-11-11 00:00:00',2,249.0600,'QUICK-Stop','Taucherstraße 10','Cunewalde','','1307','Alemania'),(10346,'RATTC',3,'1996-11-05 00:00:00','1996-12-17 00:00:00','1996-11-08 00:00:00',3,142.0800,'Rattlesnake Canyon Grocery','2817 Milton Dr.','Albuquerque','NM','87110','Estados Unidos'),(10347,'FAMIA',4,'1996-11-06 00:00:00','1996-12-04 00:00:00','1996-11-08 00:00:00',3,3.1000,'Familia Arquibaldo','Rua Orós, 92','São Paulo','SP','05442-030','Brasil'),(10348,'WANDK',4,'1996-11-07 00:00:00','1996-12-05 00:00:00','1996-11-15 00:00:00',2,0.7800,'Die Wandernde Kuh','Adenauerallee 900','Stuttgart','','70563','Alemania'),(10349,'SPLIR',7,'1996-11-08 00:00:00','1996-12-06 00:00:00','1996-11-15 00:00:00',1,8.6300,'Split Rail Beer & Ale','P.O. Box 555','Lander','WY','82520','Estados Unidos'),(10350,'LAMAI',6,'1996-11-11 00:00:00','1996-12-09 00:00:00','1996-12-03 00:00:00',2,64.1900,'La maison d\'Asie','1 rue Alsace-Lorraine','Toulouse','','31000','Francia'),(10351,'ERNSH',1,'1996-11-11 00:00:00','1996-12-09 00:00:00','1996-11-20 00:00:00',1,162.3300,'Ernst Handel','Kirchgasse 6','Graz','','8010','Austria'),(10352,'FURIB',3,'1996-11-12 00:00:00','1996-11-26 00:00:00','1996-11-18 00:00:00',3,1.3000,'Furia Bacalhau e Frutos do Mar','Jardim das rosas n. 32','Lisboa','','1675','Portugal'),(10353,'PICCO',7,'1996-11-13 00:00:00','1996-12-11 00:00:00','1996-11-25 00:00:00',3,360.6300,'Piccolo und mehr','Geislweg 14','Salzburg','','5020','Austria'),(10354,'PERIC',8,'1996-11-14 00:00:00','1996-12-12 00:00:00','1996-11-20 00:00:00',3,53.8000,'Pericles Comidas clásicas','Calle Dr. Jorge Cash 321','México D.F.','','5033','México'),(10355,'AROUT',6,'1996-11-15 00:00:00','1996-12-13 00:00:00','1996-11-20 00:00:00',1,41.9500,'Around the Horn','Brook Farm\r\nStratford St. Mary','Colchester','Essex','CO7 6JX','Reino Unido'),(10356,'WANDK',6,'1996-11-18 00:00:00','1996-12-16 00:00:00','1996-11-27 00:00:00',2,36.7100,'Die Wandernde Kuh','Adenauerallee 900','Stuttgart','','70563','Alemania'),(10357,'LILAS',1,'1996-11-19 00:00:00','1996-12-17 00:00:00','1996-12-02 00:00:00',3,34.8800,'LILA-Supermercado','Carrera 52 con Ave. Bolívar #65-98 Llano Largo','Barquisimeto','Lara','3508','Venezuela'),(10358,'LAMAI',5,'1996-11-20 00:00:00','1996-12-18 00:00:00','1996-11-27 00:00:00',1,19.6400,'La maison d\'Asie','1 rue Alsace-Lorraine','Toulouse','','31000','Francia'),(10359,'SEVES',5,'1996-11-21 00:00:00','1996-12-19 00:00:00','1996-11-26 00:00:00',3,288.4300,'Seven Seas Imports','90 Wadhurst Rd.','London','','OX15 4NB','Reino Unido'),(10360,'BLONP',4,'1996-11-22 00:00:00','1996-12-20 00:00:00','1996-12-02 00:00:00',3,131.7000,'Blondel père et fils','24, place Kléber','Strasbourg','','67000','Francia'),(10361,'QUICK',1,'1996-11-22 00:00:00','1996-12-20 00:00:00','1996-12-03 00:00:00',2,183.1700,'QUICK-Stop','Taucherstraße 10','Cunewalde','','1307','Alemania'),(10362,'BONAP',3,'1996-11-25 00:00:00','1996-12-23 00:00:00','1996-11-28 00:00:00',1,96.0400,'Bon app\'','12, rue des Bouchers','Marseille','','13008','Francia'),(10363,'DRACD',4,'1996-11-26 00:00:00','1996-12-24 00:00:00','1996-12-04 00:00:00',3,30.5400,'Drachenblut Delikatessen','Walserweg 21','Aachen','','52066','Alemania'),(10364,'EASTC',1,'1996-11-26 00:00:00','1997-01-07 00:00:00','1996-12-04 00:00:00',1,71.9700,'Eastern Connection','35 King George','London','','WX3 6FW','Reino Unido'),(10365,'ANTON',3,'1996-11-27 00:00:00','1996-12-25 00:00:00','1996-12-02 00:00:00',2,22.0000,'Antonio Moreno Taquería','Mataderos  2312','México D.F.','','5023','México'),(10366,'GALED',8,'1996-11-28 00:00:00','1997-01-09 00:00:00','1996-12-30 00:00:00',2,10.1400,'Galería del gastronómo','Rambla de Cataluña, 23','Barcelona','','8022','España'),(10367,'VAFFE',7,'1996-11-28 00:00:00','1996-12-26 00:00:00','1996-12-02 00:00:00',3,13.5500,'Vaffeljernet','Smagsløget 45','Århus','','8200','Dinamarca'),(10368,'ERNSH',2,'1996-11-29 00:00:00','1996-12-27 00:00:00','1996-12-02 00:00:00',2,101.9500,'Ernst Handel','Kirchgasse 6','Graz','','8010','Austria'),(10369,'SPLIR',8,'1996-12-02 00:00:00','1996-12-30 00:00:00','1996-12-09 00:00:00',2,195.6800,'Split Rail Beer & Ale','P.O. Box 555','Lander','WY','82520','Estados Unidos'),(10370,'CHOPS',6,'1996-12-03 00:00:00','1996-12-31 00:00:00','1996-12-27 00:00:00',2,1.1700,'Chop-suey Chinese','Hauptstr. 31','Bern','','3012','Suiza'),(10371,'LAMAI',1,'1996-12-03 00:00:00','1996-12-31 00:00:00','1996-12-24 00:00:00',1,0.4500,'La maison d\'Asie','1 rue Alsace-Lorraine','Toulouse','','31000','Francia'),(10372,'QUEEN',5,'1996-12-04 00:00:00','1997-01-01 00:00:00','1996-12-09 00:00:00',2,890.7800,'Queen Cozinha','Alameda dos Canàrios, 891','São Paulo','SP','05487-020','Brasil'),(10373,'HUNGO',4,'1996-12-05 00:00:00','1997-01-02 00:00:00','1996-12-11 00:00:00',3,124.1200,'Hungry Owl All-Night Grocers','8 Johnstown Road','Cork','Co. Cork','','Irlanda'),(10374,'WOLZA',1,'1996-12-05 00:00:00','1997-01-02 00:00:00','1996-12-09 00:00:00',3,3.9400,'Wolski Zajazd','ul. Filtrowa 68','Warszawa','','01-012','Polonia'),(10375,'HUNGC',3,'1996-12-06 00:00:00','1997-01-03 00:00:00','1996-12-09 00:00:00',2,20.1200,'Hungry Coyote Import Store','City Center Plaza\r\n516 Main St.','Elgin','OR','97827','Estados Unidos'),(10376,'MEREP',1,'1996-12-09 00:00:00','1997-01-06 00:00:00','1996-12-13 00:00:00',2,20.3900,'Mère Paillarde','43 rue St. Laurent','Montréal','Québec','H1J 1C3','Canadá'),(10377,'SEVES',1,'1996-12-09 00:00:00','1997-01-06 00:00:00','1996-12-13 00:00:00',3,22.2100,'Seven Seas Imports','90 Wadhurst Rd.','London','','OX15 4NB','Reino Unido'),(10378,'FOLKO',5,'1996-12-10 00:00:00','1997-01-07 00:00:00','1996-12-19 00:00:00',3,5.4400,'Folk och fä HB','Åkergatan 24','Bräcke','','S-844 67','Suecia'),(10379,'QUEDE',2,'1996-12-11 00:00:00','1997-01-08 00:00:00','1996-12-13 00:00:00',1,45.0300,'Que Delícia','Rua da Panificadora, 12','Río de Janeiro','RJ','02389-673','Brasil'),(10380,'HUNGO',8,'1996-12-12 00:00:00','1997-01-09 00:00:00','1997-01-16 00:00:00',3,35.0300,'Hungry Owl All-Night Grocers','8 Johnstown Road','Cork','Co. Cork','','Irlanda'),(10381,'LILAS',3,'1996-12-12 00:00:00','1997-01-09 00:00:00','1996-12-13 00:00:00',3,7.9900,'LILA-Supermercado','Carrera 52 con Ave. Bolívar #65-98 Llano Largo','Barquisimeto','Lara','3508','Venezuela'),(10382,'ERNSH',4,'1996-12-13 00:00:00','1997-01-10 00:00:00','1996-12-16 00:00:00',1,94.7700,'Ernst Handel','Kirchgasse 6','Graz','','8010','Austria'),(10383,'AROUT',8,'1996-12-16 00:00:00','1997-01-13 00:00:00','1996-12-18 00:00:00',3,34.2400,'Around the Horn','Brook Farm\r\nStratford St. Mary','Colchester','Essex','CO7 6JX','Reino Unido'),(10384,'BERGS',3,'1996-12-16 00:00:00','1997-01-13 00:00:00','1996-12-20 00:00:00',3,168.6400,'Berglunds snabbköp','Berguvsvägen  8','Luleå','','S-958 22','Suecia'),(10385,'SPLIR',1,'1996-12-17 00:00:00','1997-01-14 00:00:00','1996-12-23 00:00:00',2,30.9600,'Split Rail Beer & Ale','P.O. Box 555','Lander','WY','82520','Estados Unidos'),(10386,'FAMIA',9,'1996-12-18 00:00:00','1997-01-01 00:00:00','1996-12-25 00:00:00',3,13.9900,'Familia Arquibaldo','Rua Orós, 92','São Paulo','SP','05442-030','Brasil'),(10387,'SANTG',1,'1996-12-18 00:00:00','1997-01-15 00:00:00','1996-12-20 00:00:00',2,93.6300,'Santé Gourmet','Erling Skakkes gate 78','Stavern','','4110','Noruega'),(10388,'SEVES',2,'1996-12-19 00:00:00','1997-01-16 00:00:00','1996-12-20 00:00:00',1,34.8600,'Seven Seas Imports','90 Wadhurst Rd.','London','','OX15 4NB','Reino Unido'),(10389,'BOTTM',4,'1996-12-20 00:00:00','1997-01-17 00:00:00','1996-12-24 00:00:00',2,47.4200,'Bottom-Dollar Markets','23 Tsawassen Blvd.','Tsawassen','BC','T2F 8M4','Canadá'),(10390,'ERNSH',6,'1996-12-23 00:00:00','1997-01-20 00:00:00','1996-12-26 00:00:00',1,126.3800,'Ernst Handel','Kirchgasse 6','Graz','','8010','Austria'),(10391,'DRACD',3,'1996-12-23 00:00:00','1997-01-20 00:00:00','1996-12-31 00:00:00',3,5.4500,'Drachenblut Delikatessen','Walserweg 21','Aachen','','52066','Alemania'),(10392,'PICCO',2,'1996-12-24 00:00:00','1997-01-21 00:00:00','1997-01-01 00:00:00',3,122.4600,'Piccolo und mehr','Geislweg 14','Salzburg','','5020','Austria'),(10393,'SAVEA',1,'1996-12-25 00:00:00','1997-01-22 00:00:00','1997-01-03 00:00:00',3,126.5600,'Save-a-lot Markets','187 Suffolk Ln.','Boise','ID','83720','Estados Unidos'),(10394,'HUNGC',1,'1996-12-25 00:00:00','1997-01-22 00:00:00','1997-01-03 00:00:00',3,30.3400,'Hungry Coyote Import Store','City Center Plaza\r\n516 Main St.','Elgin','OR','97827','Estados Unidos'),(10395,'HILAA',6,'1996-12-26 00:00:00','1997-01-23 00:00:00','1997-01-03 00:00:00',1,184.4100,'HILARIÓN-Abastos','Carrera 22 con Ave. Carlos Soublette #8-35','San Cristóbal','Táchira','5022','Venezuela'),(10396,'FRANK',1,'1996-12-27 00:00:00','1997-01-10 00:00:00','1997-01-06 00:00:00',3,135.3500,'Frankenversand','Berliner Platz 43','München','','80805','Alemania'),(10397,'PRINI',5,'1996-12-27 00:00:00','1997-01-24 00:00:00','1997-01-02 00:00:00',1,60.2600,'Princesa Isabel Vinhos','Estrada da saúde n. 58','Lisboa','','1756','Portugal'),(10398,'SAVEA',2,'1996-12-30 00:00:00','1997-01-27 00:00:00','1997-01-09 00:00:00',3,89.1600,'Save-a-lot Markets','187 Suffolk Ln.','Boise','ID','83720','Estados Unidos'),(10399,'VAFFE',8,'1996-12-31 00:00:00','1997-01-14 00:00:00','1997-01-08 00:00:00',3,27.3600,'Vaffeljernet','Smagsløget 45','Århus','','8200','Dinamarca'),(10400,'EASTC',1,'1997-01-01 00:00:00','1997-01-29 00:00:00','1997-01-16 00:00:00',3,83.9300,'Eastern Connection','35 King George','London','','WX3 6FW','Reino Unido'),(10401,'RATTC',1,'1997-01-01 00:00:00','1997-01-29 00:00:00','1997-01-10 00:00:00',1,12.5100,'Rattlesnake Canyon Grocery','2817 Milton Dr.','Albuquerque','NM','87110','Estados Unidos'),(10402,'ERNSH',8,'1997-01-02 00:00:00','1997-02-13 00:00:00','1997-01-10 00:00:00',2,67.8800,'Ernst Handel','Kirchgasse 6','Graz','','8010','Austria'),(10403,'ERNSH',4,'1997-01-03 00:00:00','1997-01-31 00:00:00','1997-01-09 00:00:00',3,73.7900,'Ernst Handel','Kirchgasse 6','Graz','','8010','Austria'),(10404,'MAGAA',2,'1997-01-03 00:00:00','1997-01-31 00:00:00','1997-01-08 00:00:00',1,155.9700,'Magazzini Alimentari Riuniti','Via Ludovico il Moro 22','Bérgamo','','24100','Italia'),(10405,'LINOD',1,'1997-01-06 00:00:00','1997-02-03 00:00:00','1997-01-22 00:00:00',1,34.8200,'LINO-Delicateses','Ave. 5 de Mayo Porlamar','I. de Margarita','Nueva Esparta','4980','Venezuela'),(10406,'QUEEN',7,'1997-01-07 00:00:00','1997-02-18 00:00:00','1997-01-13 00:00:00',1,108.0400,'Queen Cozinha','Alameda dos Canàrios, 891','São Paulo','SP','05487-020','Brasil'),(10407,'OTTIK',2,'1997-01-07 00:00:00','1997-02-04 00:00:00','1997-01-30 00:00:00',2,91.4800,'Ottilies Käseladen','Mehrheimerstr. 369','Köln','','50739','Alemania'),(10408,'FOLIG',8,'1997-01-08 00:00:00','1997-02-05 00:00:00','1997-01-14 00:00:00',1,11.2600,'Folies gourmandes','184, chaussée de Tournai','Lille','','59000','Francia'),(10409,'OCEAN',3,'1997-01-09 00:00:00','1997-02-06 00:00:00','1997-01-14 00:00:00',1,29.8300,'Océano Atlántico Ltda.','Ing. Gustavo Moncada 8585\r\nPiso 20-A','Buenos Aires','','1010','Argentina'),(10410,'BOTTM',3,'1997-01-10 00:00:00','1997-02-07 00:00:00','1997-01-15 00:00:00',3,2.4000,'Bottom-Dollar Markets','23 Tsawassen Blvd.','Tsawassen','BC','T2F 8M4','Canadá'),(10411,'BOTTM',9,'1997-01-10 00:00:00','1997-02-07 00:00:00','1997-01-21 00:00:00',3,23.6500,'Bottom-Dollar Markets','23 Tsawassen Blvd.','Tsawassen','BC','T2F 8M4','Canadá'),(10412,'WARTH',8,'1997-01-13 00:00:00','1997-02-10 00:00:00','1997-01-15 00:00:00',2,3.7700,'Wartian Herkku','Torikatu 38','Oulu','','90110','Finlandia'),(10413,'LAMAI',3,'1997-01-14 00:00:00','1997-02-11 00:00:00','1997-01-16 00:00:00',2,95.6600,'La maison d\'Asie','1 rue Alsace-Lorraine','Toulouse','','31000','Francia'),(10414,'FAMIA',2,'1997-01-14 00:00:00','1997-02-11 00:00:00','1997-01-17 00:00:00',3,21.4800,'Familia Arquibaldo','Rua Orós, 92','São Paulo','SP','05442-030','Brasil'),(10415,'HUNGC',3,'1997-01-15 00:00:00','1997-02-12 00:00:00','1997-01-24 00:00:00',1,0.2000,'Hungry Coyote Import Store','City Center Plaza\r\n516 Main St.','Elgin','OR','97827','Estados Unidos'),(10416,'WARTH',8,'1997-01-16 00:00:00','1997-02-13 00:00:00','1997-01-27 00:00:00',3,22.7200,'Wartian Herkku','Torikatu 38','Oulu','','90110','Finlandia'),(10417,'SIMOB',4,'1997-01-16 00:00:00','1997-02-13 00:00:00','1997-01-28 00:00:00',3,70.2900,'Simons bistro','Vinbæltet 34','København','','1734','Dinamarca'),(10418,'QUICK',4,'1997-01-17 00:00:00','1997-02-14 00:00:00','1997-01-24 00:00:00',1,17.5500,'QUICK-Stop','Taucherstraße 10','Cunewalde','','1307','Alemania'),(10419,'RICSU',4,'1997-01-20 00:00:00','1997-02-17 00:00:00','1997-01-30 00:00:00',2,137.3500,'Richter Supermarkt','Starenweg 5','Genève','','1204','Suiza'),(10420,'WELLI',3,'1997-01-21 00:00:00','1997-02-18 00:00:00','1997-01-27 00:00:00',1,44.1200,'Wellington Importadora','Rua do Mercado, 12','Resende','SP','08737-363','Brasil'),(10421,'QUEDE',8,'1997-01-21 00:00:00','1997-03-04 00:00:00','1997-01-27 00:00:00',1,99.2300,'Que Delícia','Rua da Panificadora, 12','Río de Janeiro','RJ','02389-673','Brasil'),(10422,'FRANS',2,'1997-01-22 00:00:00','1997-02-19 00:00:00','1997-01-31 00:00:00',1,3.0200,'Franchi S.p.A.','Via Monte Bianco 34','Torino','','10100','Italia'),(10423,'GOURL',6,'1997-01-23 00:00:00','1997-02-06 00:00:00','1997-02-24 00:00:00',3,24.5000,'Gourmet Lanchonetes','Av. Brasil, 442','Campinas','SP','04876-786','Brasil'),(10424,'MEREP',7,'1997-01-23 00:00:00','1997-02-20 00:00:00','1997-01-27 00:00:00',2,370.6100,'Mère Paillarde','43 rue St. Laurent','Montréal','Québec','H1J 1C3','Canadá'),(10425,'LAMAI',6,'1997-01-24 00:00:00','1997-02-21 00:00:00','1997-02-14 00:00:00',2,7.9300,'La maison d\'Asie','1 rue Alsace-Lorraine','Toulouse','','31000','Francia'),(10426,'GALED',4,'1997-01-27 00:00:00','1997-02-24 00:00:00','1997-02-06 00:00:00',1,18.6900,'Galería del gastronómo','Rambla de Cataluña, 23','Barcelona','','8022','España'),(10427,'PICCO',4,'1997-01-27 00:00:00','1997-02-24 00:00:00','1997-03-03 00:00:00',2,31.2900,'Piccolo und mehr','Geislweg 14','Salzburg','','5020','Austria'),(10428,'REGGC',7,'1997-01-28 00:00:00','1997-02-25 00:00:00','1997-02-04 00:00:00',1,11.0900,'Reggiani Caseifici','Strada Provinciale 124','Reggio Emilia','','42100','Italia'),(10429,'HUNGO',3,'1997-01-29 00:00:00','1997-03-12 00:00:00','1997-02-07 00:00:00',2,56.6300,'Hungry Owl All-Night Grocers','8 Johnstown Road','Cork','Co. Cork','','Irlanda'),(10430,'ERNSH',4,'1997-01-30 00:00:00','1997-02-13 00:00:00','1997-02-03 00:00:00',1,458.7800,'Ernst Handel','Kirchgasse 6','Graz','','8010','Austria'),(10431,'BOTTM',4,'1997-01-30 00:00:00','1997-02-13 00:00:00','1997-02-07 00:00:00',2,44.1700,'Bottom-Dollar Markets','23 Tsawassen Blvd.','Tsawassen','BC','T2F 8M4','Canadá'),(10432,'SPLIR',3,'1997-01-31 00:00:00','1997-02-14 00:00:00','1997-02-07 00:00:00',2,4.3400,'Split Rail Beer & Ale','P.O. Box 555','Lander','WY','82520','Estados Unidos'),(10433,'PRINI',3,'1997-02-03 00:00:00','1997-03-03 00:00:00','1997-03-04 00:00:00',3,73.8300,'Princesa Isabel Vinhos','Estrada da saúde n. 58','Lisboa','','1756','Portugal'),(10434,'FOLKO',3,'1997-02-03 00:00:00','1997-03-03 00:00:00','1997-02-13 00:00:00',2,17.9200,'Folk och fä HB','Åkergatan 24','Bräcke','','S-844 67','Suecia'),(10435,'CONSH',8,'1997-02-04 00:00:00','1997-03-18 00:00:00','1997-02-07 00:00:00',2,9.2100,'Consolidated Holdings','Berkeley Gardens\r\n12  Brewery ','London','','WX1 6LT','Reino Unido'),(10436,'BLONP',3,'1997-02-05 00:00:00','1997-03-05 00:00:00','1997-02-11 00:00:00',2,156.6600,'Blondel père et fils','24, place Kléber','Strasbourg','','67000','Francia'),(10437,'WARTH',8,'1997-02-05 00:00:00','1997-03-05 00:00:00','1997-02-12 00:00:00',1,19.9700,'Wartian Herkku','Torikatu 38','Oulu','','90110','Finlandia'),(10438,'TOMSP',3,'1997-02-06 00:00:00','1997-03-06 00:00:00','1997-02-14 00:00:00',2,8.2400,'Toms Spezialitäten','Luisenstr. 48','Münster','','44087','Alemania'),(10439,'MEREP',6,'1997-02-07 00:00:00','1997-03-07 00:00:00','1997-02-10 00:00:00',3,4.0700,'Mère Paillarde','43 rue St. Laurent','Montréal','Québec','H1J 1C3','Canadá'),(10440,'SAVEA',4,'1997-02-10 00:00:00','1997-03-10 00:00:00','1997-02-28 00:00:00',2,86.5300,'Save-a-lot Markets','187 Suffolk Ln.','Boise','ID','83720','Estados Unidos'),(10441,'OLDWO',3,'1997-02-10 00:00:00','1997-03-24 00:00:00','1997-03-14 00:00:00',2,73.0200,'Old World Delicatessen','2743 Bering St.','Anchorage','AK','99508','Estados Unidos'),(10442,'ERNSH',3,'1997-02-11 00:00:00','1997-03-11 00:00:00','1997-02-18 00:00:00',2,47.9400,'Ernst Handel','Kirchgasse 6','Graz','','8010','Austria'),(10443,'REGGC',8,'1997-02-12 00:00:00','1997-03-12 00:00:00','1997-02-14 00:00:00',1,13.9500,'Reggiani Caseifici','Strada Provinciale 124','Reggio Emilia','','42100','Italia'),(10444,'BERGS',3,'1997-02-12 00:00:00','1997-03-12 00:00:00','1997-02-21 00:00:00',3,3.5000,'Berglunds snabbköp','Berguvsvägen  8','Luleå','','S-958 22','Suecia'),(10445,'BERGS',3,'1997-02-13 00:00:00','1997-03-13 00:00:00','1997-02-20 00:00:00',1,9.3000,'Berglunds snabbköp','Berguvsvägen  8','Luleå','','S-958 22','Suecia'),(10446,'TOMSP',6,'1997-02-14 00:00:00','1997-03-14 00:00:00','1997-02-19 00:00:00',1,14.6800,'Toms Spezialitäten','Luisenstr. 48','Münster','','44087','Alemania'),(10447,'RICAR',4,'1997-02-14 00:00:00','1997-03-14 00:00:00','1997-03-07 00:00:00',2,68.6600,'Ricardo Adocicados','Av. Copacabana, 267','Río de Janeiro','RJ','02389-890','Brasil'),(10448,'RANCH',4,'1997-02-17 00:00:00','1997-03-17 00:00:00','1997-02-24 00:00:00',2,38.8200,'Rancho grande','Av. del Libertador 900','Buenos Aires','','1010','Argentina'),(10449,'BLONP',3,'1997-02-18 00:00:00','1997-03-18 00:00:00','1997-02-27 00:00:00',2,53.3000,'Blondel père et fils','24, place Kléber','Strasbourg','','67000','Francia'),(10450,'VICTE',8,'1997-02-19 00:00:00','1997-03-19 00:00:00','1997-03-11 00:00:00',2,7.2300,'Victuailles en stock','2, rue du Commerce','Lyon','','69004','Francia'),(10451,'QUICK',4,'1997-02-19 00:00:00','1997-03-05 00:00:00','1997-03-12 00:00:00',3,189.0900,'QUICK-Stop','Taucherstraße 10','Cunewalde','','1307','Alemania'),(10452,'SAVEA',8,'1997-02-20 00:00:00','1997-03-20 00:00:00','1997-02-26 00:00:00',1,140.2600,'Save-a-lot Markets','187 Suffolk Ln.','Boise','ID','83720','Estados Unidos'),(10453,'AROUT',1,'1997-02-21 00:00:00','1997-03-21 00:00:00','1997-02-26 00:00:00',2,25.3600,'Around the Horn','Brook Farm\r\nStratford St. Mary','Colchester','Essex','CO7 6JX','Reino Unido'),(10454,'LAMAI',4,'1997-02-21 00:00:00','1997-03-21 00:00:00','1997-02-25 00:00:00',3,2.7400,'La maison d\'Asie','1 rue Alsace-Lorraine','Toulouse','','31000','Francia'),(10455,'WARTH',8,'1997-02-24 00:00:00','1997-04-07 00:00:00','1997-03-03 00:00:00',2,180.4500,'Wartian Herkku','Torikatu 38','Oulu','','90110','Finlandia'),(10456,'KOENE',8,'1997-02-25 00:00:00','1997-04-08 00:00:00','1997-02-28 00:00:00',2,8.1200,'Königlich Essen','Maubelstr. 90','Brandenburg','','14776','Alemania'),(10457,'KOENE',2,'1997-02-25 00:00:00','1997-03-25 00:00:00','1997-03-03 00:00:00',1,11.5700,'Königlich Essen','Maubelstr. 90','Brandenburg','','14776','Alemania'),(10458,'SUPRD',7,'1997-02-26 00:00:00','1997-03-26 00:00:00','1997-03-04 00:00:00',3,147.0600,'Suprêmes délices','Boulevard Tirou, 255','Charleroi','','B-6000','Bélgica'),(10459,'VICTE',4,'1997-02-27 00:00:00','1997-03-27 00:00:00','1997-02-28 00:00:00',2,25.0900,'Victuailles en stock','2, rue du Commerce','Lyon','','69004','Francia'),(10460,'FOLKO',8,'1997-02-28 00:00:00','1997-03-28 00:00:00','1997-03-03 00:00:00',1,16.2700,'Folk och fä HB','Åkergatan 24','Bräcke','','S-844 67','Suecia'),(10461,'LILAS',1,'1997-02-28 00:00:00','1997-03-28 00:00:00','1997-03-05 00:00:00',3,148.6100,'LILA-Supermercado','Carrera 52 con Ave. Bolívar #65-98 Llano Largo','Barquisimeto','Lara','3508','Venezuela'),(10462,'CONSH',2,'1997-03-03 00:00:00','1997-03-31 00:00:00','1997-03-18 00:00:00',1,6.1700,'Consolidated Holdings','Berkeley Gardens\r\n12  Brewery ','London','','WX1 6LT','Reino Unido'),(10463,'SUPRD',5,'1997-03-04 00:00:00','1997-04-01 00:00:00','1997-03-06 00:00:00',3,14.7800,'Suprêmes délices','Boulevard Tirou, 255','Charleroi','','B-6000','Bélgica'),(10464,'FURIB',4,'1997-03-04 00:00:00','1997-04-01 00:00:00','1997-03-14 00:00:00',2,89.0000,'Furia Bacalhau e Frutos do Mar','Jardim das rosas n. 32','Lisboa','','1675','Portugal'),(10465,'VAFFE',1,'1997-03-05 00:00:00','1997-04-02 00:00:00','1997-03-14 00:00:00',3,145.0400,'Vaffeljernet','Smagsløget 45','Århus','','8200','Dinamarca'),(10466,'COMMI',4,'1997-03-06 00:00:00','1997-04-03 00:00:00','1997-03-13 00:00:00',1,11.9300,'Comércio Mineiro','Av. dos Lusíadas, 23','São Paulo','SP','05432-043','Brasil'),(10467,'MAGAA',8,'1997-03-06 00:00:00','1997-04-03 00:00:00','1997-03-11 00:00:00',2,4.9300,'Magazzini Alimentari Riuniti','Via Ludovico il Moro 22','Bérgamo','','24100','Italia'),(10468,'KOENE',3,'1997-03-07 00:00:00','1997-04-04 00:00:00','1997-03-12 00:00:00',3,44.1200,'Königlich Essen','Maubelstr. 90','Brandenburg','','14776','Alemania'),(10469,'WHITC',1,'1997-03-10 00:00:00','1997-04-07 00:00:00','1997-03-14 00:00:00',1,60.1800,'White Clover Markets','1029 - 12th Ave. S.','Seattle','WA','98124','Estados Unidos'),(10470,'BONAP',4,'1997-03-11 00:00:00','1997-04-08 00:00:00','1997-03-14 00:00:00',2,64.5600,'Bon app\'','12, rue des Bouchers','Marseille','','13008','Francia'),(10471,'BSBEV',2,'1997-03-11 00:00:00','1997-04-08 00:00:00','1997-03-18 00:00:00',3,45.5900,'B\'s Beverages','Fauntleroy Circus','London','','EC2 5NT','Reino Unido'),(10472,'SEVES',8,'1997-03-12 00:00:00','1997-04-09 00:00:00','1997-03-19 00:00:00',1,4.2000,'Seven Seas Imports','90 Wadhurst Rd.','London','','OX15 4NB','Reino Unido'),(10473,'ISLAT',1,'1997-03-13 00:00:00','1997-03-27 00:00:00','1997-03-21 00:00:00',3,16.3700,'Island Trading','Garden House\r\nCrowther Way','Cowes','Isle of Wight','PO31 7PJ','Reino Unido'),(10474,'PERIC',5,'1997-03-13 00:00:00','1997-04-10 00:00:00','1997-03-21 00:00:00',2,83.4900,'Pericles Comidas clásicas','Calle Dr. Jorge Cash 321','México D.F.','','5033','México'),(10475,'SUPRD',9,'1997-03-14 00:00:00','1997-04-11 00:00:00','1997-04-04 00:00:00',1,68.5200,'Suprêmes délices','Boulevard Tirou, 255','Charleroi','','B-6000','Bélgica'),(10476,'HILAA',8,'1997-03-17 00:00:00','1997-04-14 00:00:00','1997-03-24 00:00:00',3,4.4100,'HILARIÓN-Abastos','Carrera 22 con Ave. Carlos Soublette #8-35','San Cristóbal','Táchira','5022','Venezuela'),(10477,'PRINI',5,'1997-03-17 00:00:00','1997-04-14 00:00:00','1997-03-25 00:00:00',2,13.0200,'Princesa Isabel Vinhos','Estrada da saúde n. 58','Lisboa','','1756','Portugal'),(10478,'VICTE',2,'1997-03-18 00:00:00','1997-04-01 00:00:00','1997-03-26 00:00:00',3,4.8100,'Victuailles en stock','2, rue du Commerce','Lyon','','69004','Francia'),(10479,'RATTC',3,'1997-03-19 00:00:00','1997-04-16 00:00:00','1997-03-21 00:00:00',3,708.9500,'Rattlesnake Canyon Grocery','2817 Milton Dr.','Albuquerque','NM','87110','Estados Unidos'),(10480,'FOLIG',6,'1997-03-20 00:00:00','1997-04-17 00:00:00','1997-03-24 00:00:00',2,1.3500,'Folies gourmandes','184, chaussée de Tournai','Lille','','59000','Francia'),(10481,'RICAR',8,'1997-03-20 00:00:00','1997-04-17 00:00:00','1997-03-25 00:00:00',2,64.3300,'Ricardo Adocicados','Av. Copacabana, 267','Río de Janeiro','RJ','02389-890','Brasil'),(10482,'LAZYK',1,'1997-03-21 00:00:00','1997-04-18 00:00:00','1997-04-10 00:00:00',3,7.4800,'Lazy K Kountry Store','12 Orchestra Terrace','Walla Walla','WA','99362','Estados Unidos'),(10483,'WHITC',7,'1997-03-24 00:00:00','1997-04-21 00:00:00','1997-04-25 00:00:00',2,15.2800,'White Clover Markets','1029 - 12th Ave. S.','Seattle','WA','98124','Estados Unidos'),(10484,'BSBEV',3,'1997-03-24 00:00:00','1997-04-21 00:00:00','1997-04-01 00:00:00',3,6.8800,'B\'s Beverages','Fauntleroy Circus','London','','EC2 5NT','Reino Unido'),(10485,'LINOD',4,'1997-03-25 00:00:00','1997-04-08 00:00:00','1997-03-31 00:00:00',2,64.4500,'LINO-Delicateses','Ave. 5 de Mayo Porlamar','I. de Margarita','Nueva Esparta','4980','Venezuela'),(10486,'HILAA',1,'1997-03-26 00:00:00','1997-04-23 00:00:00','1997-04-02 00:00:00',2,30.5300,'HILARIÓN-Abastos','Carrera 22 con Ave. Carlos Soublette #8-35','San Cristóbal','Táchira','5022','Venezuela'),(10487,'QUEEN',2,'1997-03-26 00:00:00','1997-04-23 00:00:00','1997-03-28 00:00:00',2,71.0700,'Queen Cozinha','Alameda dos Canàrios, 891','São Paulo','SP','05487-020','Brasil'),(10488,'FRANK',8,'1997-03-27 00:00:00','1997-04-24 00:00:00','1997-04-02 00:00:00',2,4.9300,'Frankenversand','Berliner Platz 43','München','','80805','Alemania'),(10489,'PICCO',6,'1997-03-28 00:00:00','1997-04-25 00:00:00','1997-04-09 00:00:00',2,5.2900,'Piccolo und mehr','Geislweg 14','Salzburg','','5020','Austria'),(10490,'HILAA',7,'1997-03-31 00:00:00','1997-04-28 00:00:00','1997-04-03 00:00:00',2,210.1900,'HILARIÓN-Abastos','Carrera 22 con Ave. Carlos Soublette #8-35','San Cristóbal','Táchira','5022','Venezuela'),(10491,'FURIB',8,'1997-03-31 00:00:00','1997-04-28 00:00:00','1997-04-08 00:00:00',3,16.9600,'Furia Bacalhau e Frutos do Mar','Jardim das rosas n. 32','Lisboa','','1675','Portugal'),(10492,'BOTTM',3,'1997-04-01 00:00:00','1997-04-29 00:00:00','1997-04-11 00:00:00',1,62.8900,'Bottom-Dollar Markets','23 Tsawassen Blvd.','Tsawassen','BC','T2F 8M4','Canadá'),(10493,'LAMAI',4,'1997-04-02 00:00:00','1997-04-30 00:00:00','1997-04-10 00:00:00',3,10.6400,'La maison d\'Asie','1 rue Alsace-Lorraine','Toulouse','','31000','Francia'),(10494,'COMMI',4,'1997-04-02 00:00:00','1997-04-30 00:00:00','1997-04-09 00:00:00',2,65.9900,'Comércio Mineiro','Av. dos Lusíadas, 23','São Paulo','SP','05432-043','Brasil'),(10495,'LAUGB',3,'1997-04-03 00:00:00','1997-05-01 00:00:00','1997-04-11 00:00:00',3,4.6500,'Laughing Bacchus Wine Cellars','2319 Elm St.','Vancouver','BC','V3F 2K1','Canadá'),(10496,'TRADH',7,'1997-04-04 00:00:00','1997-05-02 00:00:00','1997-04-07 00:00:00',2,46.7700,'Tradição Hipermercados','Av. Inês de Castro, 414','São Paulo','SP','05634-030','Brasil'),(10497,'LEHMS',7,'1997-04-04 00:00:00','1997-05-02 00:00:00','1997-04-07 00:00:00',1,36.2100,'Lehmanns Marktstand','Magazinweg 7','Frankfurt a.M. ','','60528','Alemania'),(10498,'HILAA',8,'1997-04-07 00:00:00','1997-05-05 00:00:00','1997-04-11 00:00:00',2,29.7500,'HILARIÓN-Abastos','Carrera 22 con Ave. Carlos Soublette #8-35','San Cristóbal','Táchira','5022','Venezuela'),(10499,'LILAS',4,'1997-04-08 00:00:00','1997-05-06 00:00:00','1997-04-16 00:00:00',2,102.0200,'LILA-Supermercado','Carrera 52 con Ave. Bolívar #65-98 Llano Largo','Barquisimeto','Lara','3508','Venezuela'),(10500,'LAMAI',6,'1997-04-09 00:00:00','1997-05-07 00:00:00','1997-04-17 00:00:00',1,42.6800,'La maison d\'Asie','1 rue Alsace-Lorraine','Toulouse','','31000','Francia'),(10501,'BLAUS',9,'1997-04-09 00:00:00','1997-05-07 00:00:00','1997-04-16 00:00:00',3,8.8500,'Blauer See Delikatessen','Forsterstr. 57','Mannheim','','68306','Alemania'),(10502,'PERIC',2,'1997-04-10 00:00:00','1997-05-08 00:00:00','1997-04-29 00:00:00',1,69.3200,'Pericles Comidas clásicas','Calle Dr. Jorge Cash 321','México D.F.','','5033','México'),(10503,'HUNGO',6,'1997-04-11 00:00:00','1997-05-09 00:00:00','1997-04-16 00:00:00',2,16.7400,'Hungry Owl All-Night Grocers','8 Johnstown Road','Cork','Co. Cork','','Irlanda'),(10504,'WHITC',4,'1997-04-11 00:00:00','1997-05-09 00:00:00','1997-04-18 00:00:00',3,59.1300,'White Clover Markets','1029 - 12th Ave. S.','Seattle','WA','98124','Estados Unidos'),(10505,'MEREP',3,'1997-04-14 00:00:00','1997-05-12 00:00:00','1997-04-21 00:00:00',3,7.1300,'Mère Paillarde','43 rue St. Laurent','Montréal','Québec','H1J 1C3','Canadá'),(10506,'KOENE',9,'1997-04-15 00:00:00','1997-05-13 00:00:00','1997-05-02 00:00:00',2,21.1900,'Königlich Essen','Maubelstr. 90','Brandenburg','','14776','Alemania'),(10507,'ANTON',7,'1997-04-15 00:00:00','1997-05-13 00:00:00','1997-04-22 00:00:00',1,47.4500,'Antonio Moreno Taquería','Mataderos  2312','México D.F.','','5023','México'),(10508,'OTTIK',1,'1997-04-16 00:00:00','1997-05-14 00:00:00','1997-05-13 00:00:00',2,4.9900,'Ottilies Käseladen','Mehrheimerstr. 369','Köln','','50739','Alemania'),(10509,'BLAUS',4,'1997-04-17 00:00:00','1997-05-15 00:00:00','1997-04-29 00:00:00',1,0.1500,'Blauer See Delikatessen','Forsterstr. 57','Mannheim','','68306','Alemania'),(10510,'SAVEA',6,'1997-04-18 00:00:00','1997-05-16 00:00:00','1997-04-28 00:00:00',3,367.6300,'Save-a-lot Markets','187 Suffolk Ln.','Boise','ID','83720','Estados Unidos'),(10511,'BONAP',4,'1997-04-18 00:00:00','1997-05-16 00:00:00','1997-04-21 00:00:00',3,350.6400,'Bon app\'','12, rue des Bouchers','Marseille','','13008','Francia'),(10512,'FAMIA',7,'1997-04-21 00:00:00','1997-05-19 00:00:00','1997-04-24 00:00:00',2,3.5300,'Familia Arquibaldo','Rua Orós, 92','São Paulo','SP','05442-030','Brasil'),(10513,'WANDK',7,'1997-04-22 00:00:00','1997-06-03 00:00:00','1997-04-28 00:00:00',1,105.6500,'Die Wandernde Kuh','Adenauerallee 900','Stuttgart','','70563','Alemania'),(10514,'ERNSH',3,'1997-04-22 00:00:00','1997-05-20 00:00:00','1997-05-16 00:00:00',2,789.9500,'Ernst Handel','Kirchgasse 6','Graz','','8010','Austria'),(10515,'QUICK',2,'1997-04-23 00:00:00','1997-05-07 00:00:00','1997-05-23 00:00:00',1,204.4700,'QUICK-Stop','Taucherstraße 10','Cunewalde','','1307','Alemania'),(10516,'HUNGO',2,'1997-04-24 00:00:00','1997-05-22 00:00:00','1997-05-01 00:00:00',3,62.7800,'Hungry Owl All-Night Grocers','8 Johnstown Road','Cork','Co. Cork','','Irlanda'),(10517,'NORTS',3,'1997-04-24 00:00:00','1997-05-22 00:00:00','1997-04-29 00:00:00',3,32.0700,'North/South','South House\r\n300 Queensbridge','London','','SW7 1RZ','Reino Unido'),(10518,'TORTU',4,'1997-04-25 00:00:00','1997-05-09 00:00:00','1997-05-05 00:00:00',2,218.1500,'Tortuga Restaurante','Avda. Azteca 123','México D.F.','','5033','México'),(10519,'CHOPS',6,'1997-04-28 00:00:00','1997-05-26 00:00:00','1997-05-01 00:00:00',3,91.7600,'Chop-suey Chinese','Hauptstr. 31','Bern','','3012','Suiza'),(10520,'SANTG',7,'1997-04-29 00:00:00','1997-05-27 00:00:00','1997-05-01 00:00:00',1,13.3700,'Santé Gourmet','Erling Skakkes gate 78','Stavern','','4110','Noruega'),(10521,'CACTU',8,'1997-04-29 00:00:00','1997-05-27 00:00:00','1997-05-02 00:00:00',2,17.2200,'Cactus Comidas para llevar','Cerrito 333','Buenos Aires','','1010','Argentina'),(10522,'LEHMS',4,'1997-04-30 00:00:00','1997-05-28 00:00:00','1997-05-06 00:00:00',1,45.3300,'Lehmanns Marktstand','Magazinweg 7','Frankfurt a.M. ','','60528','Alemania'),(10523,'SEVES',7,'1997-05-01 00:00:00','1997-05-29 00:00:00','1997-05-30 00:00:00',2,77.6300,'Seven Seas Imports','90 Wadhurst Rd.','London','','OX15 4NB','Reino Unido'),(10524,'BERGS',1,'1997-05-01 00:00:00','1997-05-29 00:00:00','1997-05-07 00:00:00',2,244.7900,'Berglunds snabbköp','Berguvsvägen  8','Luleå','','S-958 22','Suecia'),(10525,'BONAP',1,'1997-05-02 00:00:00','1997-05-30 00:00:00','1997-05-23 00:00:00',2,11.0600,'Bon app\'','12, rue des Bouchers','Marseille','','13008','Francia'),(10526,'WARTH',4,'1997-05-05 00:00:00','1997-06-02 00:00:00','1997-05-15 00:00:00',2,58.5900,'Wartian Herkku','Torikatu 38','Oulu','','90110','Finlandia'),(10527,'QUICK',7,'1997-05-05 00:00:00','1997-06-02 00:00:00','1997-05-07 00:00:00',1,41.9000,'QUICK-Stop','Taucherstraße 10','Cunewalde','','1307','Alemania'),(10528,'GREAL',6,'1997-05-06 00:00:00','1997-05-20 00:00:00','1997-05-09 00:00:00',2,3.3500,'Great Lakes Food Market','2732 Baker Blvd.','Eugene','OR','97403','Estados Unidos'),(10529,'MAISD',5,'1997-05-07 00:00:00','1997-06-04 00:00:00','1997-05-09 00:00:00',2,66.6900,'Maison Dewey','Rue Joseph-Bens 532','Bruxelles','','B-1180','Bélgica'),(10530,'PICCO',3,'1997-05-08 00:00:00','1997-06-05 00:00:00','1997-05-12 00:00:00',2,339.2200,'Piccolo und mehr','Geislweg 14','Salzburg','','5020','Austria'),(10531,'OCEAN',7,'1997-05-08 00:00:00','1997-06-05 00:00:00','1997-05-19 00:00:00',1,8.1200,'Océano Atlántico Ltda.','Ing. Gustavo Moncada 8585\r\nPiso 20-A','Buenos Aires','','1010','Argentina'),(10532,'EASTC',7,'1997-05-09 00:00:00','1997-06-06 00:00:00','1997-05-12 00:00:00',3,74.4600,'Eastern Connection','35 King George','London','','WX3 6FW','Reino Unido'),(10533,'FOLKO',8,'1997-05-12 00:00:00','1997-06-09 00:00:00','1997-05-22 00:00:00',1,188.0400,'Folk och fä HB','Åkergatan 24','Bräcke','','S-844 67','Suecia'),(10534,'LEHMS',8,'1997-05-12 00:00:00','1997-06-09 00:00:00','1997-05-14 00:00:00',2,27.9400,'Lehmanns Marktstand','Magazinweg 7','Frankfurt a.M. ','','60528','Alemania'),(10535,'ANTON',4,'1997-05-13 00:00:00','1997-06-10 00:00:00','1997-05-21 00:00:00',1,15.6400,'Antonio Moreno Taquería','Mataderos  2312','México D.F.','','5023','México'),(10536,'LEHMS',3,'1997-05-14 00:00:00','1997-06-11 00:00:00','1997-06-06 00:00:00',2,58.8800,'Lehmanns Marktstand','Magazinweg 7','Frankfurt a.M. ','','60528','Alemania'),(10537,'RICSU',1,'1997-05-14 00:00:00','1997-05-28 00:00:00','1997-05-19 00:00:00',1,78.8500,'Richter Supermarkt','Starenweg 5','Genève','','1204','Suiza'),(10538,'BSBEV',9,'1997-05-15 00:00:00','1997-06-12 00:00:00','1997-05-16 00:00:00',3,4.8700,'B\'s Beverages','Fauntleroy Circus','London','','EC2 5NT','Reino Unido'),(10539,'BSBEV',6,'1997-05-16 00:00:00','1997-06-13 00:00:00','1997-05-23 00:00:00',3,12.3600,'B\'s Beverages','Fauntleroy Circus','London','','EC2 5NT','Reino Unido'),(10540,'QUICK',3,'1997-05-19 00:00:00','1997-06-16 00:00:00','1997-06-13 00:00:00',3,1007.6400,'QUICK-Stop','Taucherstraße 10','Cunewalde','','1307','Alemania'),(10541,'HANAR',2,'1997-05-19 00:00:00','1997-06-16 00:00:00','1997-05-29 00:00:00',1,68.6500,'Hanari Carnes','Rua do Paço, 67','Río de Janeiro','RJ','05454-876','Brasil'),(10542,'KOENE',1,'1997-05-20 00:00:00','1997-06-17 00:00:00','1997-05-26 00:00:00',3,10.9500,'Königlich Essen','Maubelstr. 90','Brandenburg','','14776','Alemania'),(10543,'LILAS',8,'1997-05-21 00:00:00','1997-06-18 00:00:00','1997-05-23 00:00:00',2,48.1700,'LILA-Supermercado','Carrera 52 con Ave. Bolívar #65-98 Llano Largo','Barquisimeto','Lara','3508','Venezuela'),(10544,'LONEP',4,'1997-05-21 00:00:00','1997-06-18 00:00:00','1997-05-30 00:00:00',1,24.9100,'Lonesome Pine Restaurant','89 Chiaroscuro Rd.','Portland','OR','97219','Estados Unidos'),(10545,'LAZYK',8,'1997-05-22 00:00:00','1997-06-19 00:00:00','1997-06-26 00:00:00',2,11.9200,'Lazy K Kountry Store','12 Orchestra Terrace','Walla Walla','WA','99362','Estados Unidos'),(10546,'VICTE',1,'1997-05-23 00:00:00','1997-06-20 00:00:00','1997-05-27 00:00:00',3,194.7200,'Victuailles en stock','2, rue du Commerce','Lyon','','69004','Francia'),(10547,'SEVES',3,'1997-05-23 00:00:00','1997-06-20 00:00:00','1997-06-02 00:00:00',2,178.4300,'Seven Seas Imports','90 Wadhurst Rd.','London','','OX15 4NB','Reino Unido'),(10548,'TOMSP',3,'1997-05-26 00:00:00','1997-06-23 00:00:00','1997-06-02 00:00:00',2,1.4300,'Toms Spezialitäten','Luisenstr. 48','Münster','','44087','Alemania'),(10549,'QUICK',5,'1997-05-27 00:00:00','1997-06-10 00:00:00','1997-05-30 00:00:00',1,171.2400,'QUICK-Stop','Taucherstraße 10','Cunewalde','','1307','Alemania'),(10550,'GODOS',7,'1997-05-28 00:00:00','1997-06-25 00:00:00','1997-06-06 00:00:00',3,4.3200,'Godos Cocina Típica','C/ Romero, 33','Sevilla','','41101','España'),(10551,'FURIB',4,'1997-05-28 00:00:00','1997-07-09 00:00:00','1997-06-06 00:00:00',3,72.9500,'Furia Bacalhau e Frutos do Mar','Jardim das rosas n. 32','Lisboa','','1675','Portugal'),(10552,'HILAA',2,'1997-05-29 00:00:00','1997-06-26 00:00:00','1997-06-05 00:00:00',1,83.2200,'HILARIÓN-Abastos','Carrera 22 con Ave. Carlos Soublette #8-35','San Cristóbal','Táchira','5022','Venezuela'),(10553,'WARTH',2,'1997-05-30 00:00:00','1997-06-27 00:00:00','1997-06-03 00:00:00',2,149.4900,'Wartian Herkku','Torikatu 38','Oulu','','90110','Finlandia'),(10554,'OTTIK',4,'1997-05-30 00:00:00','1997-06-27 00:00:00','1997-06-05 00:00:00',3,120.9700,'Ottilies Käseladen','Mehrheimerstr. 369','Köln','','50739','Alemania'),(10555,'SAVEA',6,'1997-06-02 00:00:00','1997-06-30 00:00:00','1997-06-04 00:00:00',3,252.4900,'Save-a-lot Markets','187 Suffolk Ln.','Boise','ID','83720','Estados Unidos'),(10556,'SIMOB',2,'1997-06-03 00:00:00','1997-07-15 00:00:00','1997-06-13 00:00:00',1,9.8000,'Simons bistro','Vinbæltet 34','København','','1734','Dinamarca'),(10557,'LEHMS',9,'1997-06-03 00:00:00','1997-06-17 00:00:00','1997-06-06 00:00:00',2,96.7200,'Lehmanns Marktstand','Magazinweg 7','Frankfurt a.M. ','','60528','Alemania'),(10558,'AROUT',1,'1997-06-04 00:00:00','1997-07-02 00:00:00','1997-06-10 00:00:00',2,72.9700,'Around the Horn','Brook Farm\r\nStratford St. Mary','Colchester','Essex','CO7 6JX','Reino Unido'),(10559,'BLONP',6,'1997-06-05 00:00:00','1997-07-03 00:00:00','1997-06-13 00:00:00',1,8.0500,'Blondel père et fils','24, place Kléber','Strasbourg','','67000','Francia'),(10560,'FRANK',8,'1997-06-06 00:00:00','1997-07-04 00:00:00','1997-06-09 00:00:00',1,36.6500,'Frankenversand','Berliner Platz 43','München','','80805','Alemania'),(10561,'FOLKO',2,'1997-06-06 00:00:00','1997-07-04 00:00:00','1997-06-09 00:00:00',2,242.2100,'Folk och fä HB','Åkergatan 24','Bräcke','','S-844 67','Suecia'),(10562,'REGGC',1,'1997-06-09 00:00:00','1997-07-07 00:00:00','1997-06-12 00:00:00',1,22.9500,'Reggiani Caseifici','Strada Provinciale 124','Reggio Emilia','','42100','Italia'),(10563,'RICAR',2,'1997-06-10 00:00:00','1997-07-22 00:00:00','1997-06-24 00:00:00',2,60.4300,'Ricardo Adocicados','Av. Copacabana, 267','Río de Janeiro','RJ','02389-890','Brasil'),(10564,'RATTC',4,'1997-06-10 00:00:00','1997-07-08 00:00:00','1997-06-16 00:00:00',3,13.7500,'Rattlesnake Canyon Grocery','2817 Milton Dr.','Albuquerque','NM','87110','Estados Unidos'),(10565,'MEREP',8,'1997-06-11 00:00:00','1997-07-09 00:00:00','1997-06-18 00:00:00',2,7.1500,'Mère Paillarde','43 rue St. Laurent','Montréal','Québec','H1J 1C3','Canadá'),(10566,'BLONP',9,'1997-06-12 00:00:00','1997-07-10 00:00:00','1997-06-18 00:00:00',1,88.4000,'Blondel père et fils','24, place Kléber','Strasbourg','','67000','Francia'),(10567,'HUNGO',1,'1997-06-12 00:00:00','1997-07-10 00:00:00','1997-06-17 00:00:00',1,33.9700,'Hungry Owl All-Night Grocers','8 Johnstown Road','Cork','Co. Cork','','Irlanda'),(10568,'GALED',3,'1997-06-13 00:00:00','1997-07-11 00:00:00','1997-07-09 00:00:00',3,6.5400,'Galería del gastronómo','Rambla de Cataluña, 23','Barcelona','','8022','España'),(10569,'RATTC',5,'1997-06-16 00:00:00','1997-07-14 00:00:00','1997-07-11 00:00:00',1,58.9800,'Rattlesnake Canyon Grocery','2817 Milton Dr.','Albuquerque','NM','87110','Estados Unidos'),(10570,'MEREP',3,'1997-06-17 00:00:00','1997-07-15 00:00:00','1997-06-19 00:00:00',3,188.9900,'Mère Paillarde','43 rue St. Laurent','Montréal','Québec','H1J 1C3','Canadá'),(10571,'ERNSH',8,'1997-06-17 00:00:00','1997-07-29 00:00:00','1997-07-04 00:00:00',3,26.0600,'Ernst Handel','Kirchgasse 6','Graz','','8010','Austria'),(10572,'BERGS',3,'1997-06-18 00:00:00','1997-07-16 00:00:00','1997-06-25 00:00:00',2,116.4300,'Berglunds snabbköp','Berguvsvägen  8','Luleå','','S-958 22','Suecia'),(10573,'ANTON',7,'1997-06-19 00:00:00','1997-07-17 00:00:00','1997-06-20 00:00:00',3,84.8400,'Antonio Moreno Taquería','Mataderos  2312','México D.F.','','5023','México'),(10574,'TRAIH',4,'1997-06-19 00:00:00','1997-07-17 00:00:00','1997-06-30 00:00:00',2,37.6000,'Trail\'s Head Gourmet Provisioners','722 DaVinci Blvd.','Kirkland','WA','98034','Estados Unidos'),(10575,'MORGK',5,'1997-06-20 00:00:00','1997-07-04 00:00:00','1997-06-30 00:00:00',1,127.3400,'Morgenstern Gesundkost','Heerstr. 22','Leipzig','','4179','Alemania'),(10576,'TORTU',3,'1997-06-23 00:00:00','1997-07-07 00:00:00','1997-06-30 00:00:00',3,18.5600,'Tortuga Restaurante','Avda. Azteca 123','México D.F.','','5033','México'),(10577,'TRAIH',9,'1997-06-23 00:00:00','1997-08-04 00:00:00','1997-06-30 00:00:00',2,25.4100,'Trail\'s Head Gourmet Provisioners','722 DaVinci Blvd.','Kirkland','WA','98034','Estados Unidos'),(10578,'BSBEV',4,'1997-06-24 00:00:00','1997-07-22 00:00:00','1997-07-25 00:00:00',3,29.6000,'B\'s Beverages','Fauntleroy Circus','London','','EC2 5NT','Reino Unido'),(10579,'LETSS',1,'1997-06-25 00:00:00','1997-07-23 00:00:00','1997-07-04 00:00:00',2,13.7300,'Let\'s Stop N Shop','87 Polk St.\r\nSuite 5','San Francisco','CA','94117','Estados Unidos'),(10580,'OTTIK',4,'1997-06-26 00:00:00','1997-07-24 00:00:00','1997-07-01 00:00:00',3,75.8900,'Ottilies Käseladen','Mehrheimerstr. 369','Köln','','50739','Alemania'),(10581,'FAMIA',3,'1997-06-26 00:00:00','1997-07-24 00:00:00','1997-07-02 00:00:00',1,3.0100,'Familia Arquibaldo','Rua Orós, 92','São Paulo','SP','05442-030','Brasil'),(10582,'BLAUS',3,'1997-06-27 00:00:00','1997-07-25 00:00:00','1997-07-14 00:00:00',2,27.7100,'Blauer See Delikatessen','Forsterstr. 57','Mannheim','','68306','Alemania'),(10583,'WARTH',2,'1997-06-30 00:00:00','1997-07-28 00:00:00','1997-07-04 00:00:00',2,7.2800,'Wartian Herkku','Torikatu 38','Oulu','','90110','Finlandia'),(10584,'BLONP',4,'1997-06-30 00:00:00','1997-07-28 00:00:00','1997-07-04 00:00:00',1,59.1400,'Blondel père et fils','24, place Kléber','Strasbourg','','67000','Francia'),(10585,'WELLI',7,'1997-07-01 00:00:00','1997-07-29 00:00:00','1997-07-10 00:00:00',1,13.4100,'Wellington Importadora','Rua do Mercado, 12','Resende','SP','08737-363','Brasil'),(10586,'REGGC',9,'1997-07-02 00:00:00','1997-07-30 00:00:00','1997-07-09 00:00:00',1,0.4800,'Reggiani Caseifici','Strada Provinciale 124','Reggio Emilia','','42100','Italia'),(10587,'QUEDE',1,'1997-07-02 00:00:00','1997-07-30 00:00:00','1997-07-09 00:00:00',1,62.5200,'Que Delícia','Rua da Panificadora, 12','Río de Janeiro','RJ','02389-673','Brasil'),(10588,'QUICK',2,'1997-07-03 00:00:00','1997-07-31 00:00:00','1997-07-10 00:00:00',3,194.6700,'QUICK-Stop','Taucherstraße 10','Cunewalde','','1307','Alemania'),(10589,'GREAL',8,'1997-07-04 00:00:00','1997-08-01 00:00:00','1997-07-14 00:00:00',2,4.4200,'Great Lakes Food Market','2732 Baker Blvd.','Eugene','OR','97403','Estados Unidos'),(10590,'MEREP',4,'1997-07-07 00:00:00','1997-08-04 00:00:00','1997-07-14 00:00:00',3,44.7700,'Mère Paillarde','43 rue St. Laurent','Montréal','Québec','H1J 1C3','Canadá'),(10591,'VAFFE',1,'1997-07-07 00:00:00','1997-07-21 00:00:00','1997-07-16 00:00:00',1,55.9200,'Vaffeljernet','Smagsløget 45','Århus','','8200','Dinamarca'),(10592,'LEHMS',3,'1997-07-08 00:00:00','1997-08-05 00:00:00','1997-07-16 00:00:00',1,32.1000,'Lehmanns Marktstand','Magazinweg 7','Frankfurt a.M. ','','60528','Alemania'),(10593,'LEHMS',7,'1997-07-09 00:00:00','1997-08-06 00:00:00','1997-08-13 00:00:00',2,174.2000,'Lehmanns Marktstand','Magazinweg 7','Frankfurt a.M. ','','60528','Alemania'),(10594,'OLDWO',3,'1997-07-09 00:00:00','1997-08-06 00:00:00','1997-07-16 00:00:00',2,5.2400,'Old World Delicatessen','2743 Bering St.','Anchorage','AK','99508','Estados Unidos'),(10595,'ERNSH',2,'1997-07-10 00:00:00','1997-08-07 00:00:00','1997-07-14 00:00:00',1,96.7800,'Ernst Handel','Kirchgasse 6','Graz','','8010','Austria'),(10596,'WHITC',8,'1997-07-11 00:00:00','1997-08-08 00:00:00','1997-08-12 00:00:00',1,16.3400,'White Clover Markets','1029 - 12th Ave. S.','Seattle','WA','98124','Estados Unidos'),(10597,'PICCO',7,'1997-07-11 00:00:00','1997-08-08 00:00:00','1997-07-18 00:00:00',3,35.1200,'Piccolo und mehr','Geislweg 14','Salzburg','','5020','Austria'),(10598,'RATTC',1,'1997-07-14 00:00:00','1997-08-11 00:00:00','1997-07-18 00:00:00',3,44.4200,'Rattlesnake Canyon Grocery','2817 Milton Dr.','Albuquerque','NM','87110','Estados Unidos'),(10599,'BSBEV',6,'1997-07-15 00:00:00','1997-08-26 00:00:00','1997-07-21 00:00:00',3,29.9800,'B\'s Beverages','Fauntleroy Circus','London','','EC2 5NT','Reino Unido'),(10600,'HUNGC',4,'1997-07-16 00:00:00','1997-08-13 00:00:00','1997-07-21 00:00:00',1,45.1300,'Hungry Coyote Import Store','City Center Plaza\r\n516 Main St.','Elgin','OR','97827','Estados Unidos'),(10601,'HILAA',7,'1997-07-16 00:00:00','1997-08-27 00:00:00','1997-07-22 00:00:00',1,58.3000,'HILARIÓN-Abastos','Carrera 22 con Ave. Carlos Soublette #8-35','San Cristóbal','Táchira','5022','Venezuela'),(10602,'VAFFE',8,'1997-07-17 00:00:00','1997-08-14 00:00:00','1997-07-22 00:00:00',2,2.9200,'Vaffeljernet','Smagsløget 45','Århus','','8200','Dinamarca'),(10603,'SAVEA',8,'1997-07-18 00:00:00','1997-08-15 00:00:00','1997-08-08 00:00:00',2,48.7700,'Save-a-lot Markets','187 Suffolk Ln.','Boise','ID','83720','Estados Unidos'),(10604,'FURIB',1,'1997-07-18 00:00:00','1997-08-15 00:00:00','1997-07-29 00:00:00',1,7.4600,'Furia Bacalhau e Frutos do Mar','Jardim das rosas n. 32','Lisboa','','1675','Portugal'),(10605,'MEREP',1,'1997-07-21 00:00:00','1997-08-18 00:00:00','1997-07-29 00:00:00',2,379.1300,'Mère Paillarde','43 rue St. Laurent','Montréal','Québec','H1J 1C3','Canadá'),(10606,'TRADH',4,'1997-07-22 00:00:00','1997-08-19 00:00:00','1997-07-31 00:00:00',3,79.4000,'Tradição Hipermercados','Av. Inês de Castro, 414','São Paulo','SP','05634-030','Brasil'),(10607,'SAVEA',5,'1997-07-22 00:00:00','1997-08-19 00:00:00','1997-07-25 00:00:00',1,200.2400,'Save-a-lot Markets','187 Suffolk Ln.','Boise','ID','83720','Estados Unidos'),(10608,'TOMSP',4,'1997-07-23 00:00:00','1997-08-20 00:00:00','1997-08-01 00:00:00',2,27.7900,'Toms Spezialitäten','Luisenstr. 48','Münster','','44087','Alemania'),(10609,'DUMON',7,'1997-07-24 00:00:00','1997-08-21 00:00:00','1997-07-30 00:00:00',2,1.8500,'Du monde entier','67, rue des Cinquante Otages','Nantes','','44000','Francia'),(10610,'LAMAI',8,'1997-07-25 00:00:00','1997-08-22 00:00:00','1997-08-06 00:00:00',1,26.7800,'La maison d\'Asie','1 rue Alsace-Lorraine','Toulouse','','31000','Francia'),(10611,'WOLZA',6,'1997-07-25 00:00:00','1997-08-22 00:00:00','1997-08-01 00:00:00',2,80.6500,'Wolski Zajazd','ul. Filtrowa 68','Warszawa','','01-012','Polonia'),(10612,'SAVEA',1,'1997-07-28 00:00:00','1997-08-25 00:00:00','1997-08-01 00:00:00',2,544.0800,'Save-a-lot Markets','187 Suffolk Ln.','Boise','ID','83720','Estados Unidos'),(10613,'HILAA',4,'1997-07-29 00:00:00','1997-08-26 00:00:00','1997-08-01 00:00:00',2,8.1100,'HILARIÓN-Abastos','Carrera 22 con Ave. Carlos Soublette #8-35','San Cristóbal','Táchira','5022','Venezuela'),(10614,'BLAUS',8,'1997-07-29 00:00:00','1997-08-26 00:00:00','1997-08-01 00:00:00',3,1.9300,'Blauer See Delikatessen','Forsterstr. 57','Mannheim','','68306','Alemania'),(10615,'WILMK',2,'1997-07-30 00:00:00','1997-08-27 00:00:00','1997-08-06 00:00:00',3,0.7500,'Wilman Kala','Keskuskatu 45','Helsinki','','21240','Finlandia'),(10616,'GREAL',1,'1997-07-31 00:00:00','1997-08-28 00:00:00','1997-08-05 00:00:00',2,116.5300,'Great Lakes Food Market','2732 Baker Blvd.','Eugene','OR','97403','Estados Unidos'),(10617,'GREAL',4,'1997-07-31 00:00:00','1997-08-28 00:00:00','1997-08-04 00:00:00',2,18.5300,'Great Lakes Food Market','2732 Baker Blvd.','Eugene','OR','97403','Estados Unidos'),(10618,'MEREP',1,'1997-08-01 00:00:00','1997-09-12 00:00:00','1997-08-08 00:00:00',1,154.6800,'Mère Paillarde','43 rue St. Laurent','Montréal','Québec','H1J 1C3','Canadá'),(10619,'MEREP',3,'1997-08-04 00:00:00','1997-09-01 00:00:00','1997-08-07 00:00:00',3,91.0500,'Mère Paillarde','43 rue St. Laurent','Montréal','Québec','H1J 1C3','Canadá'),(10620,'LAUGB',2,'1997-08-05 00:00:00','1997-09-02 00:00:00','1997-08-14 00:00:00',3,0.9400,'Laughing Bacchus Wine Cellars','2319 Elm St.','Vancouver','BC','V3F 2K1','Canadá'),(10621,'ISLAT',4,'1997-08-05 00:00:00','1997-09-02 00:00:00','1997-08-11 00:00:00',2,23.7300,'Island Trading','Garden House\r\nCrowther Way','Cowes','Isle of Wight','PO31 7PJ','Reino Unido'),(10622,'RICAR',4,'1997-08-06 00:00:00','1997-09-03 00:00:00','1997-08-11 00:00:00',3,50.9700,'Ricardo Adocicados','Av. Copacabana, 267','Río de Janeiro','RJ','02389-890','Brasil'),(10623,'FRANK',8,'1997-08-07 00:00:00','1997-09-04 00:00:00','1997-08-12 00:00:00',2,97.1800,'Frankenversand','Berliner Platz 43','München','','80805','Alemania'),(10624,'THECR',4,'1997-08-07 00:00:00','1997-09-04 00:00:00','1997-08-19 00:00:00',2,94.8000,'The Cracker Box','55 Grizzly Peak Rd.','Butte','MT','59801','Estados Unidos'),(10625,'ANATR',3,'1997-08-08 00:00:00','1997-09-05 00:00:00','1997-08-14 00:00:00',1,43.9000,'Ana Trujillo Emparedados y helados','Avda. de la Constitución 2222','México D.F.','','5021','México'),(10626,'BERGS',1,'1997-08-11 00:00:00','1997-09-08 00:00:00','1997-08-20 00:00:00',2,138.6900,'Berglunds snabbköp','Berguvsvägen  8','Luleå','','S-958 22','Suecia'),(10627,'SAVEA',8,'1997-08-11 00:00:00','1997-09-22 00:00:00','1997-08-21 00:00:00',3,107.4600,'Save-a-lot Markets','187 Suffolk Ln.','Boise','ID','83720','Estados Unidos'),(10628,'BLONP',4,'1997-08-12 00:00:00','1997-09-09 00:00:00','1997-08-20 00:00:00',3,30.3600,'Blondel père et fils','24, place Kléber','Strasbourg','','67000','Francia'),(10629,'GODOS',4,'1997-08-12 00:00:00','1997-09-09 00:00:00','1997-08-20 00:00:00',3,85.4600,'Godos Cocina Típica','C/ Romero, 33','Sevilla','','41101','España'),(10630,'KOENE',1,'1997-08-13 00:00:00','1997-09-10 00:00:00','1997-08-19 00:00:00',2,32.3500,'Königlich Essen','Maubelstr. 90','Brandenburg','','14776','Alemania'),(10631,'LAMAI',8,'1997-08-14 00:00:00','1997-09-11 00:00:00','1997-08-15 00:00:00',1,0.8700,'La maison d\'Asie','1 rue Alsace-Lorraine','Toulouse','','31000','Francia'),(10632,'WANDK',8,'1997-08-14 00:00:00','1997-09-11 00:00:00','1997-08-19 00:00:00',1,41.3800,'Die Wandernde Kuh','Adenauerallee 900','Stuttgart','','70563','Alemania'),(10633,'ERNSH',7,'1997-08-15 00:00:00','1997-09-12 00:00:00','1997-08-18 00:00:00',3,477.9000,'Ernst Handel','Kirchgasse 6','Graz','','8010','Austria'),(10634,'FOLIG',4,'1997-08-15 00:00:00','1997-09-12 00:00:00','1997-08-21 00:00:00',3,487.3800,'Folies gourmandes','184, chaussée de Tournai','Lille','','59000','Francia'),(10635,'MAGAA',8,'1997-08-18 00:00:00','1997-09-15 00:00:00','1997-08-21 00:00:00',3,47.4600,'Magazzini Alimentari Riuniti','Via Ludovico il Moro 22','Bérgamo','','24100','Italia'),(10636,'WARTH',4,'1997-08-19 00:00:00','1997-09-16 00:00:00','1997-08-26 00:00:00',1,1.1500,'Wartian Herkku','Torikatu 38','Oulu','','90110','Finlandia'),(10637,'QUEEN',6,'1997-08-19 00:00:00','1997-09-16 00:00:00','1997-08-26 00:00:00',1,201.2900,'Queen Cozinha','Alameda dos Canàrios, 891','São Paulo','SP','05487-020','Brasil'),(10638,'LINOD',3,'1997-08-20 00:00:00','1997-09-17 00:00:00','1997-09-01 00:00:00',1,158.4400,'LINO-Delicateses','Ave. 5 de Mayo Porlamar','I. de Margarita','Nueva Esparta','4980','Venezuela'),(10639,'SANTG',7,'1997-08-20 00:00:00','1997-09-17 00:00:00','1997-08-27 00:00:00',3,38.6400,'Santé Gourmet','Erling Skakkes gate 78','Stavern','','4110','Noruega'),(10640,'WANDK',4,'1997-08-21 00:00:00','1997-09-18 00:00:00','1997-08-28 00:00:00',1,23.5500,'Die Wandernde Kuh','Adenauerallee 900','Stuttgart','','70563','Alemania'),(10641,'HILAA',4,'1997-08-22 00:00:00','1997-09-19 00:00:00','1997-08-26 00:00:00',2,179.6100,'HILARIÓN-Abastos','Carrera 22 con Ave. Carlos Soublette #8-35','San Cristóbal','Táchira','5022','Venezuela'),(10642,'SIMOB',7,'1997-08-22 00:00:00','1997-09-19 00:00:00','1997-09-05 00:00:00',3,41.8900,'Simons bistro','Vinbæltet 34','København','','1734','Dinamarca'),(10644,'WELLI',3,'1997-08-25 00:00:00','1997-09-22 00:00:00','1997-09-01 00:00:00',2,0.1400,'Wellington Importadora','Rua do Mercado, 12','Resende','SP','08737-363','Brasil'),(10645,'HANAR',4,'1997-08-26 00:00:00','1997-09-23 00:00:00','1997-09-02 00:00:00',1,12.4100,'Hanari Carnes','Rua do Paço, 67','Río de Janeiro','RJ','05454-876','Brasil'),(10646,'HUNGO',9,'1997-08-27 00:00:00','1997-10-08 00:00:00','1997-09-03 00:00:00',3,142.3300,'Hungry Owl All-Night Grocers','8 Johnstown Road','Cork','Co. Cork','','Irlanda'),(10647,'QUEDE',4,'1997-08-27 00:00:00','1997-09-10 00:00:00','1997-09-03 00:00:00',2,45.5400,'Que Delícia','Rua da Panificadora, 12','Río de Janeiro','RJ','02389-673','Brasil'),(10648,'RICAR',5,'1997-08-28 00:00:00','1997-10-09 00:00:00','1997-09-09 00:00:00',2,14.2500,'Ricardo Adocicados','Av. Copacabana, 267','Río de Janeiro','RJ','02389-890','Brasil'),(10649,'MAISD',5,'1997-08-28 00:00:00','1997-09-25 00:00:00','1997-08-29 00:00:00',3,6.2000,'Maison Dewey','Rue Joseph-Bens 532','Bruxelles','','B-1180','Bélgica'),(10650,'FAMIA',5,'1997-08-29 00:00:00','1997-09-26 00:00:00','1997-09-03 00:00:00',3,176.8100,'Familia Arquibaldo','Rua Orós, 92','São Paulo','SP','05442-030','Brasil'),(10651,'WANDK',8,'1997-09-01 00:00:00','1997-09-29 00:00:00','1997-09-11 00:00:00',2,20.6000,'Die Wandernde Kuh','Adenauerallee 900','Stuttgart','','70563','Alemania'),(10652,'GOURL',4,'1997-09-01 00:00:00','1997-09-29 00:00:00','1997-09-08 00:00:00',2,7.1400,'Gourmet Lanchonetes','Av. Brasil, 442','Campinas','SP','04876-786','Brasil'),(10653,'FRANK',1,'1997-09-02 00:00:00','1997-09-30 00:00:00','1997-09-19 00:00:00',1,93.2500,'Frankenversand','Berliner Platz 43','München','','80805','Alemania'),(10654,'BERGS',5,'1997-09-02 00:00:00','1997-09-30 00:00:00','1997-09-11 00:00:00',1,55.2600,'Berglunds snabbköp','Berguvsvägen  8','Luleå','','S-958 22','Suecia'),(10655,'REGGC',1,'1997-09-03 00:00:00','1997-10-01 00:00:00','1997-09-11 00:00:00',2,4.4100,'Reggiani Caseifici','Strada Provinciale 124','Reggio Emilia','','42100','Italia'),(10656,'GREAL',6,'1997-09-04 00:00:00','1997-10-02 00:00:00','1997-09-10 00:00:00',1,57.1500,'Great Lakes Food Market','2732 Baker Blvd.','Eugene','OR','97403','Estados Unidos'),(10657,'SAVEA',2,'1997-09-04 00:00:00','1997-10-02 00:00:00','1997-09-15 00:00:00',2,352.6900,'Save-a-lot Markets','187 Suffolk Ln.','Boise','ID','83720','Estados Unidos'),(10658,'QUICK',4,'1997-09-05 00:00:00','1997-10-03 00:00:00','1997-09-08 00:00:00',1,364.1500,'QUICK-Stop','Taucherstraße 10','Cunewalde','','1307','Alemania'),(10659,'QUEEN',7,'1997-09-05 00:00:00','1997-10-03 00:00:00','1997-09-10 00:00:00',2,105.8100,'Queen Cozinha','Alameda dos Canàrios, 891','São Paulo','SP','05487-020','Brasil'),(10660,'HUNGC',8,'1997-09-08 00:00:00','1997-10-06 00:00:00','1997-10-15 00:00:00',1,111.2900,'Hungry Coyote Import Store','City Center Plaza\r\n516 Main St.','Elgin','OR','97827','Estados Unidos'),(10661,'HUNGO',7,'1997-09-09 00:00:00','1997-10-07 00:00:00','1997-09-15 00:00:00',3,17.5500,'Hungry Owl All-Night Grocers','8 Johnstown Road','Cork','Co. Cork','','Irlanda'),(10662,'LONEP',3,'1997-09-09 00:00:00','1997-10-07 00:00:00','1997-09-18 00:00:00',2,1.2800,'Lonesome Pine Restaurant','89 Chiaroscuro Rd.','Portland','OR','97219','Estados Unidos'),(10663,'BONAP',2,'1997-09-10 00:00:00','1997-09-24 00:00:00','1997-10-03 00:00:00',2,113.1500,'Bon app\'','12, rue des Bouchers','Marseille','','13008','Francia'),(10664,'FURIB',1,'1997-09-10 00:00:00','1997-10-08 00:00:00','1997-09-19 00:00:00',3,1.2700,'Furia Bacalhau e Frutos do Mar','Jardim das rosas n. 32','Lisboa','','1675','Portugal'),(10665,'LONEP',1,'1997-09-11 00:00:00','1997-10-09 00:00:00','1997-09-17 00:00:00',2,26.3100,'Lonesome Pine Restaurant','89 Chiaroscuro Rd.','Portland','OR','97219','Estados Unidos'),(10666,'RICSU',7,'1997-09-12 00:00:00','1997-10-10 00:00:00','1997-09-22 00:00:00',2,232.4200,'Richter Supermarkt','Starenweg 5','Genève','','1204','Suiza'),(10667,'ERNSH',7,'1997-09-12 00:00:00','1997-10-10 00:00:00','1997-09-19 00:00:00',1,78.0900,'Ernst Handel','Kirchgasse 6','Graz','','8010','Austria'),(10668,'WANDK',1,'1997-09-15 00:00:00','1997-10-13 00:00:00','1997-09-23 00:00:00',2,47.2200,'Die Wandernde Kuh','Adenauerallee 900','Stuttgart','','70563','Alemania'),(10669,'SIMOB',2,'1997-09-15 00:00:00','1997-10-13 00:00:00','1997-09-22 00:00:00',1,24.3900,'Simons bistro','Vinbæltet 34','København','','1734','Dinamarca'),(10670,'FRANK',4,'1997-09-16 00:00:00','1997-10-14 00:00:00','1997-09-18 00:00:00',1,203.4800,'Frankenversand','Berliner Platz 43','München','','80805','Alemania'),(10671,'FRANR',1,'1997-09-17 00:00:00','1997-10-15 00:00:00','1997-09-24 00:00:00',1,30.3400,'France restauration','54, rue Royale','Nantes','','44000','Francia'),(10672,'BERGS',9,'1997-09-17 00:00:00','1997-10-01 00:00:00','1997-09-26 00:00:00',2,95.7500,'Berglunds snabbköp','Berguvsvägen  8','Luleå','','S-958 22','Suecia'),(10673,'WILMK',2,'1997-09-18 00:00:00','1997-10-16 00:00:00','1997-09-19 00:00:00',1,22.7600,'Wilman Kala','Keskuskatu 45','Helsinki','','21240','Finlandia'),(10674,'ISLAT',4,'1997-09-18 00:00:00','1997-10-16 00:00:00','1997-09-30 00:00:00',2,0.9000,'Island Trading','Garden House\r\nCrowther Way','Cowes','Isle of Wight','PO31 7PJ','Reino Unido'),(10675,'FRANK',5,'1997-09-19 00:00:00','1997-10-17 00:00:00','1997-09-23 00:00:00',2,31.8500,'Frankenversand','Berliner Platz 43','München','','80805','Alemania'),(10676,'TORTU',2,'1997-09-22 00:00:00','1997-10-20 00:00:00','1997-09-29 00:00:00',2,2.0100,'Tortuga Restaurante','Avda. Azteca 123','México D.F.','','5033','México'),(10677,'ANTON',1,'1997-09-22 00:00:00','1997-10-20 00:00:00','1997-09-26 00:00:00',3,4.0300,'Antonio Moreno Taquería','Mataderos  2312','México D.F.','','5023','México'),(10678,'SAVEA',7,'1997-09-23 00:00:00','1997-10-21 00:00:00','1997-10-16 00:00:00',3,388.9800,'Save-a-lot Markets','187 Suffolk Ln.','Boise','ID','83720','Estados Unidos'),(10679,'BLONP',8,'1997-09-23 00:00:00','1997-10-21 00:00:00','1997-09-30 00:00:00',3,27.9400,'Blondel père et fils','24, place Kléber','Strasbourg','','67000','Francia'),(10680,'OLDWO',1,'1997-09-24 00:00:00','1997-10-22 00:00:00','1997-09-26 00:00:00',1,26.6100,'Old World Delicatessen','2743 Bering St.','Anchorage','AK','99508','Estados Unidos'),(10681,'GREAL',3,'1997-09-25 00:00:00','1997-10-23 00:00:00','1997-09-30 00:00:00',3,76.1300,'Great Lakes Food Market','2732 Baker Blvd.','Eugene','OR','97403','Estados Unidos'),(10682,'ANTON',3,'1997-09-25 00:00:00','1997-10-23 00:00:00','1997-10-01 00:00:00',2,36.1300,'Antonio Moreno Taquería','Mataderos  2312','México D.F.','','5023','México'),(10683,'DUMON',2,'1997-09-26 00:00:00','1997-10-24 00:00:00','1997-10-01 00:00:00',1,4.4000,'Du monde entier','67, rue des Cinquante Otages','Nantes','','44000','Francia'),(10684,'OTTIK',3,'1997-09-26 00:00:00','1997-10-24 00:00:00','1997-09-30 00:00:00',1,145.6300,'Ottilies Käseladen','Mehrheimerstr. 369','Köln','','50739','Alemania'),(10685,'GOURL',4,'1997-09-29 00:00:00','1997-10-13 00:00:00','1997-10-03 00:00:00',2,33.7500,'Gourmet Lanchonetes','Av. Brasil, 442','Campinas','SP','04876-786','Brasil'),(10686,'PICCO',2,'1997-09-30 00:00:00','1997-10-28 00:00:00','1997-10-08 00:00:00',1,96.5000,'Piccolo und mehr','Geislweg 14','Salzburg','','5020','Austria'),(10687,'HUNGO',9,'1997-09-30 00:00:00','1997-10-28 00:00:00','1997-10-30 00:00:00',2,296.4300,'Hungry Owl All-Night Grocers','8 Johnstown Road','Cork','Co. Cork','','Irlanda'),(10688,'VAFFE',4,'1997-10-01 00:00:00','1997-10-15 00:00:00','1997-10-07 00:00:00',2,299.0900,'Vaffeljernet','Smagsløget 45','Århus','','8200','Dinamarca'),(10689,'BERGS',1,'1997-10-01 00:00:00','1997-10-29 00:00:00','1997-10-07 00:00:00',2,13.4200,'Berglunds snabbköp','Berguvsvägen  8','Luleå','','S-958 22','Suecia'),(10690,'HANAR',1,'1997-10-02 00:00:00','1997-10-30 00:00:00','1997-10-03 00:00:00',1,15.8000,'Hanari Carnes','Rua do Paço, 67','Río de Janeiro','RJ','05454-876','Brasil'),(10691,'QUICK',2,'1997-10-03 00:00:00','1997-11-14 00:00:00','1997-10-22 00:00:00',2,810.0500,'QUICK-Stop','Taucherstraße 10','Cunewalde','','1307','Alemania'),(10693,'WHITC',3,'1997-10-06 00:00:00','1997-10-20 00:00:00','1997-10-10 00:00:00',3,139.3400,'White Clover Markets','1029 - 12th Ave. S.','Seattle','WA','98124','Estados Unidos'),(10694,'QUICK',8,'1997-10-06 00:00:00','1997-11-03 00:00:00','1997-10-09 00:00:00',3,398.3600,'QUICK-Stop','Taucherstraße 10','Cunewalde','','1307','Alemania'),(10695,'WILMK',7,'1997-10-07 00:00:00','1997-11-18 00:00:00','1997-10-14 00:00:00',1,16.7200,'Wilman Kala','Keskuskatu 45','Helsinki','','21240','Finlandia'),(10696,'WHITC',8,'1997-10-08 00:00:00','1997-11-19 00:00:00','1997-10-14 00:00:00',3,102.5500,'White Clover Markets','1029 - 12th Ave. S.','Seattle','WA','98124','Estados Unidos'),(10697,'LINOD',3,'1997-10-08 00:00:00','1997-11-05 00:00:00','1997-10-14 00:00:00',1,45.5200,'LINO-Delicateses','Ave. 5 de Mayo Porlamar','I. de Margarita','Nueva Esparta','4980','Venezuela'),(10698,'ERNSH',4,'1997-10-09 00:00:00','1997-11-06 00:00:00','1997-10-17 00:00:00',1,272.4700,'Ernst Handel','Kirchgasse 6','Graz','','8010','Austria'),(10699,'MORGK',3,'1997-10-09 00:00:00','1997-11-06 00:00:00','1997-10-13 00:00:00',3,0.5800,'Morgenstern Gesundkost','Heerstr. 22','Leipzig','','4179','Alemania'),(10700,'SAVEA',3,'1997-10-10 00:00:00','1997-11-07 00:00:00','1997-10-16 00:00:00',1,65.1000,'Save-a-lot Markets','187 Suffolk Ln.','Boise','ID','83720','Estados Unidos'),(10701,'HUNGO',6,'1997-10-13 00:00:00','1997-10-27 00:00:00','1997-10-15 00:00:00',3,220.3100,'Hungry Owl All-Night Grocers','8 Johnstown Road','Cork','Co. Cork','','Irlanda'),(10703,'FOLKO',6,'1997-10-14 00:00:00','1997-11-11 00:00:00','1997-10-20 00:00:00',2,152.3000,'Folk och fä HB','Åkergatan 24','Bräcke','','S-844 67','Suecia'),(10704,'QUEEN',6,'1997-10-14 00:00:00','1997-11-11 00:00:00','1997-11-07 00:00:00',1,4.7800,'Queen Cozinha','Alameda dos Canàrios, 891','São Paulo','SP','05487-020','Brasil'),(10705,'HILAA',9,'1997-10-15 00:00:00','1997-11-12 00:00:00','1997-11-18 00:00:00',2,3.5200,'HILARIÓN-Abastos','Carrera 22 con Ave. Carlos Soublette #8-35','San Cristóbal','Táchira','5022','Venezuela'),(10706,'OLDWO',8,'1997-10-16 00:00:00','1997-11-13 00:00:00','1997-10-21 00:00:00',3,135.6300,'Old World Delicatessen','2743 Bering St.','Anchorage','AK','99508','Estados Unidos'),(10707,'AROUT',4,'1997-10-16 00:00:00','1997-10-30 00:00:00','1997-10-23 00:00:00',3,21.7400,'Around the Horn','Brook Farm\r\nStratford St. Mary','Colchester','Essex','CO7 6JX','Reino Unido'),(10708,'THEBI',6,'1997-10-17 00:00:00','1997-11-28 00:00:00','1997-11-05 00:00:00',2,2.9600,'The Big Cheese','89 Jefferson Way\r\nSuite 2','Portland','OR','97201','Estados Unidos'),(10709,'GOURL',1,'1997-10-17 00:00:00','1997-11-14 00:00:00','1997-11-20 00:00:00',3,210.8000,'Gourmet Lanchonetes','Av. Brasil, 442','Campinas','SP','04876-786','Brasil'),(10710,'FRANS',1,'1997-10-20 00:00:00','1997-11-17 00:00:00','1997-10-23 00:00:00',1,4.9800,'Franchi S.p.A.','Via Monte Bianco 34','Torino','','10100','Italia'),(10711,'SAVEA',5,'1997-10-21 00:00:00','1997-12-02 00:00:00','1997-10-29 00:00:00',2,52.4100,'Save-a-lot Markets','187 Suffolk Ln.','Boise','ID','83720','Estados Unidos'),(10712,'HUNGO',3,'1997-10-21 00:00:00','1997-11-18 00:00:00','1997-10-31 00:00:00',1,89.9300,'Hungry Owl All-Night Grocers','8 Johnstown Road','Cork','Co. Cork','','Irlanda'),(10713,'SAVEA',1,'1997-10-22 00:00:00','1997-11-19 00:00:00','1997-10-24 00:00:00',1,167.0500,'Save-a-lot Markets','187 Suffolk Ln.','Boise','ID','83720','Estados Unidos'),(10714,'SAVEA',5,'1997-10-22 00:00:00','1997-11-19 00:00:00','1997-10-27 00:00:00',3,24.4900,'Save-a-lot Markets','187 Suffolk Ln.','Boise','ID','83720','Estados Unidos'),(10715,'BONAP',3,'1997-10-23 00:00:00','1997-11-06 00:00:00','1997-10-29 00:00:00',1,63.2000,'Bon app\'','12, rue des Bouchers','Marseille','','13008','Francia'),(10716,'RANCH',4,'1997-10-24 00:00:00','1997-11-21 00:00:00','1997-10-27 00:00:00',2,22.5700,'Rancho grande','Av. del Libertador 900','Buenos Aires','','1010','Argentina'),(10717,'FRANK',1,'1997-10-24 00:00:00','1997-11-21 00:00:00','1997-10-29 00:00:00',2,59.2500,'Frankenversand','Berliner Platz 43','München','','80805','Alemania'),(10718,'KOENE',1,'1997-10-27 00:00:00','1997-11-24 00:00:00','1997-10-29 00:00:00',3,170.8800,'Königlich Essen','Maubelstr. 90','Brandenburg','','14776','Alemania'),(10719,'LETSS',8,'1997-10-27 00:00:00','1997-11-24 00:00:00','1997-11-05 00:00:00',2,51.4400,'Let\'s Stop N Shop','87 Polk St.\r\nSuite 5','San Francisco','CA','94117','Estados Unidos'),(10720,'QUEDE',8,'1997-10-28 00:00:00','1997-11-11 00:00:00','1997-11-05 00:00:00',2,9.5300,'Que Delícia','Rua da Panificadora, 12','Río de Janeiro','RJ','02389-673','Brasil'),(10721,'QUICK',5,'1997-10-29 00:00:00','1997-11-26 00:00:00','1997-10-31 00:00:00',3,48.9200,'QUICK-Stop','Taucherstraße 10','Cunewalde','','1307','Alemania'),(10722,'SAVEA',8,'1997-10-29 00:00:00','1997-12-10 00:00:00','1997-11-04 00:00:00',1,74.5800,'Save-a-lot Markets','187 Suffolk Ln.','Boise','ID','83720','Estados Unidos'),(10723,'WHITC',3,'1997-10-30 00:00:00','1997-11-27 00:00:00','1997-11-25 00:00:00',1,21.7200,'White Clover Markets','1029 - 12th Ave. S.','Seattle','WA','98124','Estados Unidos'),(10724,'MEREP',8,'1997-10-30 00:00:00','1997-12-11 00:00:00','1997-11-05 00:00:00',2,57.7500,'Mère Paillarde','43 rue St. Laurent','Montréal','Québec','H1J 1C3','Canadá'),(10725,'FAMIA',4,'1997-10-31 00:00:00','1997-11-28 00:00:00','1997-11-05 00:00:00',3,10.8300,'Familia Arquibaldo','Rua Orós, 92','São Paulo','SP','05442-030','Brasil'),(10726,'EASTC',4,'1997-11-03 00:00:00','1997-11-17 00:00:00','1997-12-05 00:00:00',1,16.5600,'Eastern Connection','35 King George','London','','WX3 6FW','Reino Unido'),(10727,'REGGC',2,'1997-11-03 00:00:00','1997-12-01 00:00:00','1997-12-05 00:00:00',1,89.9000,'Reggiani Caseifici','Strada Provinciale 124','Reggio Emilia','','42100','Italia'),(10728,'QUEEN',4,'1997-11-04 00:00:00','1997-12-02 00:00:00','1997-11-11 00:00:00',2,58.3300,'Queen Cozinha','Alameda dos Canàrios, 891','São Paulo','SP','05487-020','Brasil'),(10729,'LINOD',8,'1997-11-04 00:00:00','1997-12-16 00:00:00','1997-11-14 00:00:00',3,141.0600,'LINO-Delicateses','Ave. 5 de Mayo Porlamar','I. de Margarita','Nueva Esparta','4980','Venezuela'),(10730,'BONAP',5,'1997-11-05 00:00:00','1997-12-03 00:00:00','1997-11-14 00:00:00',1,20.1200,'Bon app\'','12, rue des Bouchers','Marseille','','13008','Francia'),(10731,'CHOPS',7,'1997-11-06 00:00:00','1997-12-04 00:00:00','1997-11-14 00:00:00',1,96.6500,'Chop-suey Chinese','Hauptstr. 31','Bern','','3012','Suiza'),(10732,'BONAP',3,'1997-11-06 00:00:00','1997-12-04 00:00:00','1997-11-07 00:00:00',1,16.9700,'Bon app\'','12, rue des Bouchers','Marseille','','13008','Francia'),(10733,'BERGS',1,'1997-11-07 00:00:00','1997-12-05 00:00:00','1997-11-10 00:00:00',3,110.1100,'Berglunds snabbköp','Berguvsvägen  8','Luleå','','S-958 22','Suecia'),(10734,'GOURL',2,'1997-11-07 00:00:00','1997-12-05 00:00:00','1997-11-12 00:00:00',3,1.6300,'Gourmet Lanchonetes','Av. Brasil, 442','Campinas','SP','04876-786','Brasil'),(10735,'LETSS',6,'1997-11-10 00:00:00','1997-12-08 00:00:00','1997-11-21 00:00:00',2,45.9700,'Let\'s Stop N Shop','87 Polk St.\r\nSuite 5','San Francisco','CA','94117','Estados Unidos'),(10736,'HUNGO',9,'1997-11-11 00:00:00','1997-12-09 00:00:00','1997-11-21 00:00:00',2,44.1000,'Hungry Owl All-Night Grocers','8 Johnstown Road','Cork','Co. Cork','','Irlanda'),(10737,'VINET',2,'1997-11-11 00:00:00','1997-12-09 00:00:00','1997-11-18 00:00:00',2,7.7900,'Vins et alcools Chevalier','59 rue de l\'Abbaye','Reims','','51100','Francia'),(10738,'SPECD',2,'1997-11-12 00:00:00','1997-12-10 00:00:00','1997-11-18 00:00:00',1,2.9100,'Spécialités du monde','25, rue Lauriston','Paris','','75016','Francia'),(10739,'VINET',3,'1997-11-12 00:00:00','1997-12-10 00:00:00','1997-11-17 00:00:00',3,11.0800,'Vins et alcools Chevalier','59 rue de l\'Abbaye','Reims','','51100','Francia'),(10740,'WHITC',4,'1997-11-13 00:00:00','1997-12-11 00:00:00','1997-11-25 00:00:00',2,81.8800,'White Clover Markets','1029 - 12th Ave. S.','Seattle','WA','98124','Estados Unidos'),(10741,'BERGS',4,'1997-11-14 00:00:00','1997-11-28 00:00:00','1997-11-18 00:00:00',3,10.9600,'Berglunds snabbköp','Berguvsvägen  8','Luleå','','S-958 22','Suecia'),(10742,'BOTTM',3,'1997-11-14 00:00:00','1997-12-12 00:00:00','1997-11-18 00:00:00',3,243.7300,'Bottom-Dollar Markets','23 Tsawassen Blvd.','Tsawassen','BC','T2F 8M4','Canadá'),(10743,'AROUT',1,'1997-11-17 00:00:00','1997-12-15 00:00:00','1997-11-21 00:00:00',2,23.7200,'Around the Horn','Brook Farm\r\nStratford St. Mary','Colchester','Essex','CO7 6JX','Reino Unido'),(10744,'VAFFE',6,'1997-11-17 00:00:00','1997-12-15 00:00:00','1997-11-24 00:00:00',1,69.1900,'Vaffeljernet','Smagsløget 45','Århus','','8200','Dinamarca'),(10745,'QUICK',9,'1997-11-18 00:00:00','1997-12-16 00:00:00','1997-11-27 00:00:00',1,3.5200,'QUICK-Stop','Taucherstraße 10','Cunewalde','','1307','Alemania'),(10746,'CHOPS',1,'1997-11-19 00:00:00','1997-12-17 00:00:00','1997-11-21 00:00:00',3,31.4300,'Chop-suey Chinese','Hauptstr. 31','Bern','','3012','Suiza'),(10747,'PICCO',6,'1997-11-19 00:00:00','1997-12-17 00:00:00','1997-11-26 00:00:00',1,117.3300,'Piccolo und mehr','Geislweg 14','Salzburg','','5020','Austria'),(10748,'SAVEA',3,'1997-11-20 00:00:00','1997-12-18 00:00:00','1997-11-28 00:00:00',1,232.5500,'Save-a-lot Markets','187 Suffolk Ln.','Boise','ID','83720','Estados Unidos'),(10749,'ISLAT',4,'1997-11-20 00:00:00','1997-12-18 00:00:00','1997-12-19 00:00:00',2,61.5300,'Island Trading','Garden House\r\nCrowther Way','Cowes','Isle of Wight','PO31 7PJ','Reino Unido'),(10750,'WARTH',9,'1997-11-21 00:00:00','1997-12-19 00:00:00','1997-11-24 00:00:00',1,79.3000,'Wartian Herkku','Torikatu 38','Oulu','','90110','Finlandia'),(10751,'RICSU',3,'1997-11-24 00:00:00','1997-12-22 00:00:00','1997-12-03 00:00:00',3,130.7900,'Richter Supermarkt','Starenweg 5','Genève','','1204','Suiza'),(10752,'NORTS',2,'1997-11-24 00:00:00','1997-12-22 00:00:00','1997-11-28 00:00:00',3,1.3900,'North/South','South House\r\n300 Queensbridge','London','','SW7 1RZ','Reino Unido'),(10753,'FRANS',3,'1997-11-25 00:00:00','1997-12-23 00:00:00','1997-11-27 00:00:00',1,7.7000,'Franchi S.p.A.','Via Monte Bianco 34','Torino','','10100','Italia'),(10754,'MAGAA',6,'1997-11-25 00:00:00','1997-12-23 00:00:00','1997-11-27 00:00:00',3,2.3800,'Magazzini Alimentari Riuniti','Via Ludovico il Moro 22','Bérgamo','','24100','Italia'),(10755,'BONAP',4,'1997-11-26 00:00:00','1997-12-24 00:00:00','1997-11-28 00:00:00',2,16.7100,'Bon app\'','12, rue des Bouchers','Marseille','','13008','Francia'),(10756,'SPLIR',8,'1997-11-27 00:00:00','1997-12-25 00:00:00','1997-12-02 00:00:00',2,73.2100,'Split Rail Beer & Ale','P.O. Box 555','Lander','WY','82520','Estados Unidos'),(10757,'SAVEA',6,'1997-11-27 00:00:00','1997-12-25 00:00:00','1997-12-15 00:00:00',1,8.1900,'Save-a-lot Markets','187 Suffolk Ln.','Boise','ID','83720','Estados Unidos'),(10758,'RICSU',3,'1997-11-28 00:00:00','1997-12-26 00:00:00','1997-12-04 00:00:00',3,138.1700,'Richter Supermarkt','Starenweg 5','Genève','','1204','Suiza'),(10759,'ANATR',3,'1997-11-28 00:00:00','1997-12-26 00:00:00','1997-12-12 00:00:00',3,11.9900,'Ana Trujillo Emparedados y helados','Avda. de la Constitución 2222','México D.F.','','5021','México'),(10760,'MAISD',4,'1997-12-01 00:00:00','1997-12-29 00:00:00','1997-12-10 00:00:00',1,155.6400,'Maison Dewey','Rue Joseph-Bens 532','Bruxelles','','B-1180','Bélgica'),(10761,'RATTC',5,'1997-12-02 00:00:00','1997-12-30 00:00:00','1997-12-08 00:00:00',2,18.6600,'Rattlesnake Canyon Grocery','2817 Milton Dr.','Albuquerque','NM','87110','Estados Unidos'),(10762,'FOLKO',3,'1997-12-02 00:00:00','1997-12-30 00:00:00','1997-12-09 00:00:00',1,328.7400,'Folk och fä HB','Åkergatan 24','Bräcke','','S-844 67','Suecia'),(10763,'FOLIG',3,'1997-12-03 00:00:00','1997-12-31 00:00:00','1997-12-08 00:00:00',3,37.3500,'Folies gourmandes','184, chaussée de Tournai','Lille','','59000','Francia'),(10764,'ERNSH',6,'1997-12-03 00:00:00','1997-12-31 00:00:00','1997-12-08 00:00:00',3,145.4500,'Ernst Handel','Kirchgasse 6','Graz','','8010','Austria'),(10765,'QUICK',3,'1997-12-04 00:00:00','1998-01-01 00:00:00','1997-12-09 00:00:00',3,42.7400,'QUICK-Stop','Taucherstraße 10','Cunewalde','','1307','Alemania'),(10766,'OTTIK',4,'1997-12-05 00:00:00','1998-01-02 00:00:00','1997-12-09 00:00:00',1,157.5500,'Ottilies Käseladen','Mehrheimerstr. 369','Köln','','50739','Alemania'),(10767,'SUPRD',4,'1997-12-05 00:00:00','1998-01-02 00:00:00','1997-12-15 00:00:00',3,1.5900,'Suprêmes délices','Boulevard Tirou, 255','Charleroi','','B-6000','Bélgica'),(10768,'AROUT',3,'1997-12-08 00:00:00','1998-01-05 00:00:00','1997-12-15 00:00:00',2,146.3200,'Around the Horn','Brook Farm\r\nStratford St. Mary','Colchester','Essex','CO7 6JX','Reino Unido'),(10769,'VAFFE',3,'1997-12-08 00:00:00','1998-01-05 00:00:00','1997-12-12 00:00:00',1,65.0600,'Vaffeljernet','Smagsløget 45','Århus','','8200','Dinamarca'),(10770,'HANAR',8,'1997-12-09 00:00:00','1998-01-06 00:00:00','1997-12-17 00:00:00',3,5.3200,'Hanari Carnes','Rua do Paço, 67','Río de Janeiro','RJ','05454-876','Brasil'),(10771,'ERNSH',9,'1997-12-10 00:00:00','1998-01-07 00:00:00','1998-01-02 00:00:00',2,11.1900,'Ernst Handel','Kirchgasse 6','Graz','','8010','Austria'),(10772,'LEHMS',3,'1997-12-10 00:00:00','1998-01-07 00:00:00','1997-12-19 00:00:00',2,91.2800,'Lehmanns Marktstand','Magazinweg 7','Frankfurt a.M. ','','60528','Alemania'),(10773,'ERNSH',1,'1997-12-11 00:00:00','1998-01-08 00:00:00','1997-12-16 00:00:00',3,96.4300,'Ernst Handel','Kirchgasse 6','Graz','','8010','Austria'),(10774,'FOLKO',4,'1997-12-11 00:00:00','1997-12-25 00:00:00','1997-12-12 00:00:00',1,48.2000,'Folk och fä HB','Åkergatan 24','Bräcke','','S-844 67','Suecia'),(10775,'THECR',7,'1997-12-12 00:00:00','1998-01-09 00:00:00','1997-12-26 00:00:00',1,20.2500,'The Cracker Box','55 Grizzly Peak Rd.','Butte','MT','59801','Estados Unidos'),(10776,'ERNSH',1,'1997-12-15 00:00:00','1998-01-12 00:00:00','1997-12-18 00:00:00',3,351.5300,'Ernst Handel','Kirchgasse 6','Graz','','8010','Austria'),(10777,'GOURL',7,'1997-12-15 00:00:00','1997-12-29 00:00:00','1998-01-21 00:00:00',2,3.0100,'Gourmet Lanchonetes','Av. Brasil, 442','Campinas','SP','04876-786','Brasil'),(10778,'BERGS',3,'1997-12-16 00:00:00','1998-01-13 00:00:00','1997-12-24 00:00:00',1,6.7900,'Berglunds snabbköp','Berguvsvägen  8','Luleå','','S-958 22','Suecia'),(10779,'MORGK',3,'1997-12-16 00:00:00','1998-01-13 00:00:00','1998-01-14 00:00:00',2,58.1300,'Morgenstern Gesundkost','Heerstr. 22','Leipzig','','4179','Alemania'),(10780,'LILAS',2,'1997-12-16 00:00:00','1997-12-30 00:00:00','1997-12-25 00:00:00',1,42.1300,'LILA-Supermercado','Carrera 52 con Ave. Bolívar #65-98 Llano Largo','Barquisimeto','Lara','3508','Venezuela'),(10781,'WARTH',2,'1997-12-17 00:00:00','1998-01-14 00:00:00','1997-12-19 00:00:00',3,73.1600,'Wartian Herkku','Torikatu 38','Oulu','','90110','Finlandia'),(10782,'CACTU',9,'1997-12-17 00:00:00','1998-01-14 00:00:00','1997-12-22 00:00:00',3,1.1000,'Cactus Comidas para llevar','Cerrito 333','Buenos Aires','','1010','Argentina'),(10783,'HANAR',4,'1997-12-18 00:00:00','1998-01-15 00:00:00','1997-12-19 00:00:00',2,124.9800,'Hanari Carnes','Rua do Paço, 67','Río de Janeiro','RJ','05454-876','Brasil'),(10784,'MAGAA',4,'1997-12-18 00:00:00','1998-01-15 00:00:00','1997-12-22 00:00:00',3,70.0900,'Magazzini Alimentari Riuniti','Via Ludovico il Moro 22','Bérgamo','','24100','Italia'),(10785,'GROSR',1,'1997-12-18 00:00:00','1998-01-15 00:00:00','1997-12-24 00:00:00',3,1.5100,'GROSELLA-Restaurante','5ª Ave. Los Palos Grandes','Caracas','DF','1081','Venezuela'),(10786,'QUEEN',8,'1997-12-19 00:00:00','1998-01-16 00:00:00','1997-12-23 00:00:00',1,110.8700,'Queen Cozinha','Alameda dos Canàrios, 891','São Paulo','SP','05487-020','Brasil'),(10787,'LAMAI',2,'1997-12-19 00:00:00','1998-01-02 00:00:00','1997-12-26 00:00:00',1,249.9300,'La maison d\'Asie','1 rue Alsace-Lorraine','Toulouse','','31000','Francia'),(10788,'QUICK',1,'1997-12-22 00:00:00','1998-01-19 00:00:00','1998-01-19 00:00:00',2,42.7000,'QUICK-Stop','Taucherstraße 10','Cunewalde','','1307','Alemania'),(10789,'FOLIG',1,'1997-12-22 00:00:00','1998-01-19 00:00:00','1997-12-31 00:00:00',2,100.6000,'Folies gourmandes','184, chaussée de Tournai','Lille','','59000','Francia'),(10790,'GOURL',6,'1997-12-22 00:00:00','1998-01-19 00:00:00','1997-12-26 00:00:00',1,28.2300,'Gourmet Lanchonetes','Av. Brasil, 442','Campinas','SP','04876-786','Brasil'),(10791,'FRANK',6,'1997-12-23 00:00:00','1998-01-20 00:00:00','1998-01-01 00:00:00',2,16.8500,'Frankenversand','Berliner Platz 43','München','','80805','Alemania'),(10792,'WOLZA',1,'1997-12-23 00:00:00','1998-01-20 00:00:00','1997-12-31 00:00:00',3,23.7900,'Wolski Zajazd','ul. Filtrowa 68','Warszawa','','01-012','Polonia'),(10793,'AROUT',3,'1997-12-24 00:00:00','1998-01-21 00:00:00','1998-01-08 00:00:00',3,4.5200,'Around the Horn','Brook Farm\r\nStratford St. Mary','Colchester','Essex','CO7 6JX','Reino Unido'),(10794,'QUEDE',6,'1997-12-24 00:00:00','1998-01-21 00:00:00','1998-01-02 00:00:00',1,21.4900,'Que Delícia','Rua da Panificadora, 12','Río de Janeiro','RJ','02389-673','Brasil'),(10795,'ERNSH',8,'1997-12-24 00:00:00','1998-01-21 00:00:00','1998-01-20 00:00:00',2,126.6600,'Ernst Handel','Kirchgasse 6','Graz','','8010','Austria'),(10796,'HILAA',3,'1997-12-25 00:00:00','1998-01-22 00:00:00','1998-01-14 00:00:00',1,26.5200,'HILARIÓN-Abastos','Carrera 22 con Ave. Carlos Soublette #8-35','San Cristóbal','Táchira','5022','Venezuela'),(10797,'DRACD',7,'1997-12-25 00:00:00','1998-01-22 00:00:00','1998-01-05 00:00:00',2,33.3500,'Drachenblut Delikatessen','Walserweg 21','Aachen','','52066','Alemania'),(10798,'ISLAT',2,'1997-12-26 00:00:00','1998-01-23 00:00:00','1998-01-05 00:00:00',1,2.3300,'Island Trading','Garden House\r\nCrowther Way','Cowes','Isle of Wight','PO31 7PJ','Reino Unido'),(10799,'KOENE',9,'1997-12-26 00:00:00','1998-02-06 00:00:00','1998-01-05 00:00:00',3,30.7600,'Königlich Essen','Maubelstr. 90','Brandenburg','','14776','Alemania'),(10800,'SEVES',1,'1997-12-26 00:00:00','1998-01-23 00:00:00','1998-01-05 00:00:00',3,137.4400,'Seven Seas Imports','90 Wadhurst Rd.','London','','OX15 4NB','Reino Unido'),(10801,'BOLID',4,'1997-12-29 00:00:00','1998-01-26 00:00:00','1997-12-31 00:00:00',2,97.0900,'Bólido Comidas preparadas','C/ Araquil, 67','Madrid','','28023','España'),(10802,'SIMOB',4,'1997-12-29 00:00:00','1998-01-26 00:00:00','1998-01-02 00:00:00',2,257.2600,'Simons bistro','Vinbæltet 34','København','','1734','Dinamarca'),(10803,'WELLI',4,'1997-12-30 00:00:00','1998-01-27 00:00:00','1998-01-06 00:00:00',1,55.2300,'Wellington Importadora','Rua do Mercado, 12','Resende','SP','08737-363','Brasil'),(10804,'SEVES',6,'1997-12-30 00:00:00','1998-01-27 00:00:00','1998-01-07 00:00:00',2,27.3300,'Seven Seas Imports','90 Wadhurst Rd.','London','','OX15 4NB','Reino Unido'),(10805,'THEBI',2,'1997-12-30 00:00:00','1998-01-27 00:00:00','1998-01-09 00:00:00',3,237.3400,'The Big Cheese','89 Jefferson Way\r\nSuite 2','Portland','OR','97201','Estados Unidos'),(10806,'VICTE',3,'1997-12-31 00:00:00','1998-01-28 00:00:00','1998-01-05 00:00:00',2,22.1100,'Victuailles en stock','2, rue du Commerce','Lyon','','69004','Francia'),(10807,'FRANS',4,'1997-12-31 00:00:00','1998-01-28 00:00:00','1998-01-30 00:00:00',1,1.3600,'Franchi S.p.A.','Via Monte Bianco 34','Torino','','10100','Italia'),(10808,'OLDWO',2,'1998-01-01 00:00:00','1998-01-29 00:00:00','1998-01-09 00:00:00',3,45.5300,'Old World Delicatessen','2743 Bering St.','Anchorage','AK','99508','Estados Unidos'),(10809,'WELLI',7,'1998-01-01 00:00:00','1998-01-29 00:00:00','1998-01-07 00:00:00',1,4.8700,'Wellington Importadora','Rua do Mercado, 12','Resende','SP','08737-363','Brasil'),(10810,'LAUGB',2,'1998-01-01 00:00:00','1998-01-29 00:00:00','1998-01-07 00:00:00',3,4.3300,'Laughing Bacchus Wine Cellars','2319 Elm St.','Vancouver','BC','V3F 2K1','Canadá'),(10811,'LINOD',8,'1998-01-02 00:00:00','1998-01-30 00:00:00','1998-01-08 00:00:00',1,31.2200,'LINO-Delicateses','Ave. 5 de Mayo Porlamar','I. de Margarita','Nueva Esparta','4980','Venezuela'),(10812,'REGGC',5,'1998-01-02 00:00:00','1998-01-30 00:00:00','1998-01-12 00:00:00',1,59.7800,'Reggiani Caseifici','Strada Provinciale 124','Reggio Emilia','','42100','Italia'),(10813,'RICAR',1,'1998-01-05 00:00:00','1998-02-02 00:00:00','1998-01-09 00:00:00',1,47.3800,'Ricardo Adocicados','Av. Copacabana, 267','Río de Janeiro','RJ','02389-890','Brasil'),(10814,'VICTE',3,'1998-01-05 00:00:00','1998-02-02 00:00:00','1998-01-14 00:00:00',3,130.9400,'Victuailles en stock','2, rue du Commerce','Lyon','','69004','Francia'),(10815,'SAVEA',2,'1998-01-05 00:00:00','1998-02-02 00:00:00','1998-01-14 00:00:00',3,14.6200,'Save-a-lot Markets','187 Suffolk Ln.','Boise','ID','83720','Estados Unidos'),(10816,'GREAL',4,'1998-01-06 00:00:00','1998-02-03 00:00:00','1998-02-04 00:00:00',2,719.7800,'Great Lakes Food Market','2732 Baker Blvd.','Eugene','OR','97403','Estados Unidos'),(10817,'KOENE',3,'1998-01-06 00:00:00','1998-01-20 00:00:00','1998-01-13 00:00:00',2,306.0700,'Königlich Essen','Maubelstr. 90','Brandenburg','','14776','Alemania'),(10818,'MAGAA',7,'1998-01-07 00:00:00','1998-02-04 00:00:00','1998-01-12 00:00:00',3,65.4800,'Magazzini Alimentari Riuniti','Via Ludovico il Moro 22','Bérgamo','','24100','Italia'),(10819,'CACTU',2,'1998-01-07 00:00:00','1998-02-04 00:00:00','1998-01-16 00:00:00',3,19.7600,'Cactus Comidas para llevar','Cerrito 333','Buenos Aires','','1010','Argentina'),(10820,'RATTC',3,'1998-01-07 00:00:00','1998-02-04 00:00:00','1998-01-13 00:00:00',2,37.5200,'Rattlesnake Canyon Grocery','2817 Milton Dr.','Albuquerque','NM','87110','Estados Unidos'),(10821,'SPLIR',1,'1998-01-08 00:00:00','1998-02-05 00:00:00','1998-01-15 00:00:00',1,36.6800,'Split Rail Beer & Ale','P.O. Box 555','Lander','WY','82520','Estados Unidos'),(10822,'TRAIH',6,'1998-01-08 00:00:00','1998-02-05 00:00:00','1998-01-16 00:00:00',3,7.0000,'Trail\'s Head Gourmet Provisioners','722 DaVinci Blvd.','Kirkland','WA','98034','Estados Unidos'),(10823,'LILAS',5,'1998-01-09 00:00:00','1998-02-06 00:00:00','1998-01-13 00:00:00',2,163.9700,'LILA-Supermercado','Carrera 52 con Ave. Bolívar #65-98 Llano Largo','Barquisimeto','Lara','3508','Venezuela'),(10824,'FOLKO',8,'1998-01-09 00:00:00','1998-02-06 00:00:00','1998-01-30 00:00:00',1,1.2300,'Folk och fä HB','Åkergatan 24','Bräcke','','S-844 67','Suecia'),(10825,'DRACD',1,'1998-01-09 00:00:00','1998-02-06 00:00:00','1998-01-14 00:00:00',1,79.2500,'Drachenblut Delikatessen','Walserweg 21','Aachen','','52066','Alemania'),(10826,'BLONP',6,'1998-01-12 00:00:00','1998-02-09 00:00:00','1998-02-06 00:00:00',1,7.0900,'Blondel père et fils','24, place Kléber','Strasbourg','','67000','Francia'),(10827,'BONAP',1,'1998-01-12 00:00:00','1998-01-26 00:00:00','1998-02-06 00:00:00',2,63.5400,'Bon app\'','12, rue des Bouchers','Marseille','','13008','Francia'),(10828,'RANCH',9,'1998-01-13 00:00:00','1998-01-27 00:00:00','1998-02-04 00:00:00',1,90.8500,'Rancho grande','Av. del Libertador 900','Buenos Aires','','1010','Argentina'),(10829,'ISLAT',9,'1998-01-13 00:00:00','1998-02-10 00:00:00','1998-01-23 00:00:00',1,154.7200,'Island Trading','Garden House\r\nCrowther Way','Cowes','Isle of Wight','PO31 7PJ','Reino Unido'),(10830,'TRADH',4,'1998-01-13 00:00:00','1998-02-24 00:00:00','1998-01-21 00:00:00',2,81.8300,'Tradição Hipermercados','Av. Inês de Castro, 414','São Paulo','SP','05634-030','Brasil'),(10831,'SANTG',3,'1998-01-14 00:00:00','1998-02-11 00:00:00','1998-01-23 00:00:00',2,72.1900,'Santé Gourmet','Erling Skakkes gate 78','Stavern','','4110','Noruega'),(10832,'LAMAI',2,'1998-01-14 00:00:00','1998-02-11 00:00:00','1998-01-19 00:00:00',2,43.2600,'La maison d\'Asie','1 rue Alsace-Lorraine','Toulouse','','31000','Francia'),(10833,'OTTIK',6,'1998-01-15 00:00:00','1998-02-12 00:00:00','1998-01-23 00:00:00',2,71.4900,'Ottilies Käseladen','Mehrheimerstr. 369','Köln','','50739','Alemania'),(10834,'TRADH',1,'1998-01-15 00:00:00','1998-02-12 00:00:00','1998-01-19 00:00:00',3,29.7800,'Tradição Hipermercados','Av. Inês de Castro, 414','São Paulo','SP','05634-030','Brasil'),(10836,'ERNSH',7,'1998-01-16 00:00:00','1998-02-13 00:00:00','1998-01-21 00:00:00',1,411.8800,'Ernst Handel','Kirchgasse 6','Graz','','8010','Austria'),(10837,'BERGS',9,'1998-01-16 00:00:00','1998-02-13 00:00:00','1998-01-23 00:00:00',3,13.3200,'Berglunds snabbköp','Berguvsvägen  8','Luleå','','S-958 22','Suecia'),(10838,'LINOD',3,'1998-01-19 00:00:00','1998-02-16 00:00:00','1998-01-23 00:00:00',3,59.2800,'LINO-Delicateses','Ave. 5 de Mayo Porlamar','I. de Margarita','Nueva Esparta','4980','Venezuela'),(10839,'TRADH',3,'1998-01-19 00:00:00','1998-02-16 00:00:00','1998-01-22 00:00:00',3,35.4300,'Tradição Hipermercados','Av. Inês de Castro, 414','São Paulo','SP','05634-030','Brasil'),(10840,'LINOD',4,'1998-01-19 00:00:00','1998-03-02 00:00:00','1998-02-16 00:00:00',2,2.7100,'LINO-Delicateses','Ave. 5 de Mayo Porlamar','I. de Margarita','Nueva Esparta','4980','Venezuela'),(10841,'SUPRD',5,'1998-01-20 00:00:00','1998-02-17 00:00:00','1998-01-29 00:00:00',2,424.3000,'Suprêmes délices','Boulevard Tirou, 255','Charleroi','','B-6000','Bélgica'),(10842,'TORTU',1,'1998-01-20 00:00:00','1998-02-17 00:00:00','1998-01-29 00:00:00',3,54.4200,'Tortuga Restaurante','Avda. Azteca 123','México D.F.','','5033','México'),(10843,'VICTE',4,'1998-01-21 00:00:00','1998-02-18 00:00:00','1998-01-26 00:00:00',2,9.2600,'Victuailles en stock','2, rue du Commerce','Lyon','','69004','Francia'),(10844,'PICCO',8,'1998-01-21 00:00:00','1998-02-18 00:00:00','1998-01-26 00:00:00',2,25.2200,'Piccolo und mehr','Geislweg 14','Salzburg','','5020','Austria'),(10845,'QUICK',8,'1998-01-21 00:00:00','1998-02-04 00:00:00','1998-01-30 00:00:00',1,212.9800,'QUICK-Stop','Taucherstraße 10','Cunewalde','','1307','Alemania'),(10846,'SUPRD',2,'1998-01-22 00:00:00','1998-03-05 00:00:00','1998-01-23 00:00:00',3,56.4600,'Suprêmes délices','Boulevard Tirou, 255','Charleroi','','B-6000','Bélgica'),(10847,'SAVEA',4,'1998-01-22 00:00:00','1998-02-05 00:00:00','1998-02-10 00:00:00',3,487.5700,'Save-a-lot Markets','187 Suffolk Ln.','Boise','ID','83720','Estados Unidos'),(10848,'CONSH',7,'1998-01-23 00:00:00','1998-02-20 00:00:00','1998-01-29 00:00:00',2,38.2400,'Consolidated Holdings','Berkeley Gardens\r\n12  Brewery ','London','','WX1 6LT','Reino Unido'),(10849,'KOENE',9,'1998-01-23 00:00:00','1998-02-20 00:00:00','1998-01-30 00:00:00',2,0.5600,'Königlich Essen','Maubelstr. 90','Brandenburg','','14776','Alemania'),(10850,'VICTE',1,'1998-01-23 00:00:00','1998-03-06 00:00:00','1998-01-30 00:00:00',1,49.1900,'Victuailles en stock','2, rue du Commerce','Lyon','','69004','Francia'),(10851,'RICAR',5,'1998-01-26 00:00:00','1998-02-23 00:00:00','1998-02-02 00:00:00',1,160.5500,'Ricardo Adocicados','Av. Copacabana, 267','Río de Janeiro','RJ','02389-890','Brasil'),(10852,'RATTC',8,'1998-01-26 00:00:00','1998-02-09 00:00:00','1998-01-30 00:00:00',1,174.0500,'Rattlesnake Canyon Grocery','2817 Milton Dr.','Albuquerque','NM','87110','Estados Unidos'),(10853,'BLAUS',9,'1998-01-27 00:00:00','1998-02-24 00:00:00','1998-02-03 00:00:00',2,53.8300,'Blauer See Delikatessen','Forsterstr. 57','Mannheim','','68306','Alemania'),(10854,'ERNSH',3,'1998-01-27 00:00:00','1998-02-24 00:00:00','1998-02-05 00:00:00',2,100.2200,'Ernst Handel','Kirchgasse 6','Graz','','8010','Austria'),(10855,'OLDWO',3,'1998-01-27 00:00:00','1998-02-24 00:00:00','1998-02-04 00:00:00',1,170.9700,'Old World Delicatessen','2743 Bering St.','Anchorage','AK','99508','Estados Unidos'),(10856,'ANTON',3,'1998-01-28 00:00:00','1998-02-25 00:00:00','1998-02-10 00:00:00',2,58.4300,'Antonio Moreno Taquería','Mataderos  2312','México D.F.','','5023','México'),(10857,'BERGS',8,'1998-01-28 00:00:00','1998-02-25 00:00:00','1998-02-06 00:00:00',2,188.8500,'Berglunds snabbköp','Berguvsvägen  8','Luleå','','S-958 22','Suecia'),(10858,'LACOR',2,'1998-01-29 00:00:00','1998-02-26 00:00:00','1998-02-03 00:00:00',1,52.5100,'La corne d\'abondance','67, avenue de l\'Europe','Versailles','','78000','Francia'),(10859,'FRANK',1,'1998-01-29 00:00:00','1998-02-26 00:00:00','1998-02-02 00:00:00',2,76.1000,'Frankenversand','Berliner Platz 43','München','','80805','Alemania'),(10860,'FRANR',3,'1998-01-29 00:00:00','1998-02-26 00:00:00','1998-02-04 00:00:00',3,19.2600,'France restauration','54, rue Royale','Nantes','','44000','Francia'),(10861,'WHITC',4,'1998-01-30 00:00:00','1998-02-27 00:00:00','1998-02-17 00:00:00',2,14.9300,'White Clover Markets','1029 - 12th Ave. S.','Seattle','WA','98124','Estados Unidos'),(10862,'LEHMS',8,'1998-01-30 00:00:00','1998-03-13 00:00:00','1998-02-02 00:00:00',2,53.2300,'Lehmanns Marktstand','Magazinweg 7','Frankfurt a.M. ','','60528','Alemania'),(10863,'HILAA',4,'1998-02-02 00:00:00','1998-03-02 00:00:00','1998-02-17 00:00:00',2,30.2600,'HILARIÓN-Abastos','Carrera 22 con Ave. Carlos Soublette #8-35','San Cristóbal','Táchira','5022','Venezuela'),(10864,'AROUT',4,'1998-02-02 00:00:00','1998-03-02 00:00:00','1998-02-09 00:00:00',2,3.0400,'Around the Horn','Brook Farm\r\nStratford St. Mary','Colchester','Essex','CO7 6JX','Reino Unido'),(10865,'QUICK',2,'1998-02-02 00:00:00','1998-02-16 00:00:00','1998-02-12 00:00:00',1,348.1400,'QUICK-Stop','Taucherstraße 10','Cunewalde','','1307','Alemania'),(10866,'BERGS',5,'1998-02-03 00:00:00','1998-03-03 00:00:00','1998-02-12 00:00:00',1,109.1100,'Berglunds snabbköp','Berguvsvägen  8','Luleå','','S-958 22','Suecia'),(10867,'LONEP',6,'1998-02-03 00:00:00','1998-03-17 00:00:00','1998-02-11 00:00:00',1,1.9300,'Lonesome Pine Restaurant','89 Chiaroscuro Rd.','Portland','OR','97219','Estados Unidos'),(10868,'QUEEN',7,'1998-02-04 00:00:00','1998-03-04 00:00:00','1998-02-23 00:00:00',2,191.2700,'Queen Cozinha','Alameda dos Canàrios, 891','São Paulo','SP','05487-020','Brasil'),(10869,'SEVES',5,'1998-02-04 00:00:00','1998-03-04 00:00:00','1998-02-09 00:00:00',1,143.2800,'Seven Seas Imports','90 Wadhurst Rd.','London','','OX15 4NB','Reino Unido'),(10870,'WHITC',5,'1998-02-04 00:00:00','1998-03-04 00:00:00','1998-02-13 00:00:00',3,12.0400,'White Clover Markets','305 - 14th Ave. S.\r\nSuite 3B','Seattle','WA','98128','Estados Unidos'),(10871,'BONAP',9,'1998-02-05 00:00:00','1998-03-05 00:00:00','1998-02-10 00:00:00',2,112.2700,'Bon app\'','12, rue des Bouchers','Marseille','','13008','Francia'),(10872,'GODOS',5,'1998-02-05 00:00:00','1998-03-05 00:00:00','1998-02-09 00:00:00',2,175.3200,'Godos Cocina Típica','C/ Romero, 33','Sevilla','','41101','España'),(10873,'WILMK',4,'1998-02-06 00:00:00','1998-03-06 00:00:00','1998-02-09 00:00:00',1,0.8200,'Wilman Kala','Keskuskatu 45','Helsinki','','21240','Finlandia'),(10874,'GODOS',5,'1998-02-06 00:00:00','1998-03-06 00:00:00','1998-02-11 00:00:00',2,19.5800,'Godos Cocina Típica','C/ Romero, 33','Sevilla','','41101','España'),(10875,'BERGS',4,'1998-02-06 00:00:00','1998-03-06 00:00:00','1998-03-03 00:00:00',2,32.3700,'Berglunds snabbköp','Berguvsvägen  8','Luleå','','S-958 22','Suecia'),(10876,'BONAP',7,'1998-02-09 00:00:00','1998-03-09 00:00:00','1998-02-12 00:00:00',3,60.4200,'Bon app\'','12, rue des Bouchers','Marseille','','13008','Francia'),(10877,'RICAR',1,'1998-02-09 00:00:00','1998-03-09 00:00:00','1998-02-19 00:00:00',1,38.0600,'Ricardo Adocicados','Av. Copacabana, 267','Río de Janeiro','RJ','02389-890','Brasil'),(10878,'QUICK',4,'1998-02-10 00:00:00','1998-03-10 00:00:00','1998-02-12 00:00:00',1,46.6900,'QUICK-Stop','Taucherstraße 10','Cunewalde','','1307','Alemania'),(10879,'WILMK',3,'1998-02-10 00:00:00','1998-03-10 00:00:00','1998-02-12 00:00:00',3,8.5000,'Wilman Kala','Keskuskatu 45','Helsinki','','21240','Finlandia'),(10880,'FOLKO',7,'1998-02-10 00:00:00','1998-03-24 00:00:00','1998-02-18 00:00:00',1,88.0100,'Folk och fä HB','Åkergatan 24','Bräcke','','S-844 67','Suecia'),(10881,'CACTU',4,'1998-02-11 00:00:00','1998-03-11 00:00:00','1998-02-18 00:00:00',1,2.8400,'Cactus Comidas para llevar','Cerrito 333','Buenos Aires','','1010','Argentina'),(10882,'SAVEA',4,'1998-02-11 00:00:00','1998-03-11 00:00:00','1998-02-20 00:00:00',3,23.1000,'Save-a-lot Markets','187 Suffolk Ln.','Boise','ID','83720','Estados Unidos'),(10883,'LONEP',8,'1998-02-12 00:00:00','1998-03-12 00:00:00','1998-02-20 00:00:00',3,0.5300,'Lonesome Pine Restaurant','89 Chiaroscuro Rd.','Portland','OR','97219','Estados Unidos'),(10884,'LETSS',4,'1998-02-12 00:00:00','1998-03-12 00:00:00','1998-02-13 00:00:00',2,90.9700,'Let\'s Stop N Shop','87 Polk St.\r\nSuite 5','San Francisco','CA','94117','Estados Unidos'),(10885,'SUPRD',6,'1998-02-12 00:00:00','1998-03-12 00:00:00','1998-02-18 00:00:00',3,5.6400,'Suprêmes délices','Boulevard Tirou, 255','Charleroi','','B-6000','Bélgica'),(10886,'HANAR',1,'1998-02-13 00:00:00','1998-03-13 00:00:00','1998-03-02 00:00:00',1,4.9900,'Hanari Carnes','Rua do Paço, 67','Río de Janeiro','RJ','05454-876','Brasil'),(10887,'GALED',8,'1998-02-13 00:00:00','1998-03-13 00:00:00','1998-02-16 00:00:00',3,1.2500,'Galería del gastronómo','Rambla de Cataluña, 23','Barcelona','','8022','España'),(10888,'GODOS',1,'1998-02-16 00:00:00','1998-03-16 00:00:00','1998-02-23 00:00:00',2,51.8700,'Godos Cocina Típica','C/ Romero, 33','Sevilla','','41101','España'),(10889,'RATTC',9,'1998-02-16 00:00:00','1998-03-16 00:00:00','1998-02-23 00:00:00',3,280.6100,'Rattlesnake Canyon Grocery','2817 Milton Dr.','Albuquerque','NM','87110','Estados Unidos'),(10890,'DUMON',7,'1998-02-16 00:00:00','1998-03-16 00:00:00','1998-02-18 00:00:00',1,32.7600,'Du monde entier','67, rue des Cinquante Otages','Nantes','','44000','Francia'),(10891,'LEHMS',7,'1998-02-17 00:00:00','1998-03-17 00:00:00','1998-02-19 00:00:00',2,20.3700,'Lehmanns Marktstand','Magazinweg 7','Frankfurt a.M. ','','60528','Alemania'),(10892,'MAISD',4,'1998-02-17 00:00:00','1998-03-17 00:00:00','1998-02-19 00:00:00',2,120.2700,'Maison Dewey','Rue Joseph-Bens 532','Bruxelles','','B-1180','Bélgica'),(10893,'KOENE',9,'1998-02-18 00:00:00','1998-03-18 00:00:00','1998-02-20 00:00:00',2,77.7800,'Königlich Essen','Maubelstr. 90','Brandenburg','','14776','Alemania'),(10894,'SAVEA',1,'1998-02-18 00:00:00','1998-03-18 00:00:00','1998-02-20 00:00:00',1,116.1300,'Save-a-lot Markets','187 Suffolk Ln.','Boise','ID','83720','Estados Unidos'),(10895,'ERNSH',3,'1998-02-18 00:00:00','1998-03-18 00:00:00','1998-02-23 00:00:00',1,162.7500,'Ernst Handel','Kirchgasse 6','Graz','','8010','Austria'),(10896,'MAISD',7,'1998-02-19 00:00:00','1998-03-19 00:00:00','1998-02-27 00:00:00',3,32.4500,'Maison Dewey','Rue Joseph-Bens 532','Bruxelles','','B-1180','Bélgica'),(10897,'HUNGO',3,'1998-02-19 00:00:00','1998-03-19 00:00:00','1998-02-25 00:00:00',2,603.5400,'Hungry Owl All-Night Grocers','8 Johnstown Road','Cork','Co. Cork','','Irlanda'),(10898,'OCEAN',4,'1998-02-20 00:00:00','1998-03-20 00:00:00','1998-03-06 00:00:00',2,1.2700,'Océano Atlántico Ltda.','Ing. Gustavo Moncada 8585\r\nPiso 20-A','Buenos Aires','','1010','Argentina'),(10899,'LILAS',5,'1998-02-20 00:00:00','1998-03-20 00:00:00','1998-02-26 00:00:00',3,1.2100,'LILA-Supermercado','Carrera 52 con Ave. Bolívar #65-98 Llano Largo','Barquisimeto','Lara','3508','Venezuela'),(10900,'WELLI',1,'1998-02-20 00:00:00','1998-03-20 00:00:00','1998-03-04 00:00:00',2,1.6600,'Wellington Importadora','Rua do Mercado, 12','Resende','SP','08737-363','Brasil'),(10901,'HILAA',4,'1998-02-23 00:00:00','1998-03-23 00:00:00','1998-02-26 00:00:00',1,62.0900,'HILARIÓN-Abastos','Carrera 22 con Ave. Carlos Soublette #8-35','San Cristóbal','Táchira','5022','Venezuela'),(10902,'FOLKO',1,'1998-02-23 00:00:00','1998-03-23 00:00:00','1998-03-03 00:00:00',1,44.1500,'Folk och fä HB','Åkergatan 24','Bräcke','','S-844 67','Suecia'),(10903,'HANAR',3,'1998-02-24 00:00:00','1998-03-24 00:00:00','1998-03-04 00:00:00',3,36.7100,'Hanari Carnes','Rua do Paço, 67','Río de Janeiro','RJ','05454-876','Brasil'),(10904,'WHITC',3,'1998-02-24 00:00:00','1998-03-24 00:00:00','1998-02-27 00:00:00',3,162.9500,'White Clover Markets','1029 - 12th Ave. S.','Seattle','WA','98124','Estados Unidos'),(10905,'WELLI',9,'1998-02-24 00:00:00','1998-03-24 00:00:00','1998-03-06 00:00:00',2,13.7200,'Wellington Importadora','Rua do Mercado, 12','Resende','SP','08737-363','Brasil'),(10906,'WOLZA',4,'1998-02-25 00:00:00','1998-03-11 00:00:00','1998-03-03 00:00:00',3,26.2900,'Wolski Zajazd','ul. Filtrowa 68','Warszawa','','01-012','Polonia'),(10907,'SPECD',6,'1998-02-25 00:00:00','1998-03-25 00:00:00','1998-02-27 00:00:00',3,9.1900,'Spécialités du monde','25, rue Lauriston','Paris','','75016','Francia'),(10908,'REGGC',4,'1998-02-26 00:00:00','1998-03-26 00:00:00','1998-03-06 00:00:00',2,32.9600,'Reggiani Caseifici','Strada Provinciale 124','Reggio Emilia','','42100','Italia'),(10909,'SANTG',1,'1998-02-26 00:00:00','1998-03-26 00:00:00','1998-03-10 00:00:00',2,53.0500,'Santé Gourmet','Erling Skakkes gate 78','Stavern','','4110','Noruega'),(10910,'WILMK',1,'1998-02-26 00:00:00','1998-03-26 00:00:00','1998-03-04 00:00:00',3,38.1100,'Wilman Kala','Keskuskatu 45','Helsinki','','21240','Finlandia'),(10911,'GODOS',3,'1998-02-26 00:00:00','1998-03-26 00:00:00','1998-03-05 00:00:00',1,38.1900,'Godos Cocina Típica','C/ Romero, 33','Sevilla','','41101','España'),(10912,'HUNGO',2,'1998-02-26 00:00:00','1998-03-26 00:00:00','1998-03-18 00:00:00',2,580.9100,'Hungry Owl All-Night Grocers','8 Johnstown Road','Cork','Co. Cork','','Irlanda'),(10913,'QUEEN',4,'1998-02-26 00:00:00','1998-03-26 00:00:00','1998-03-04 00:00:00',1,33.0500,'Queen Cozinha','Alameda dos Canàrios, 891','São Paulo','SP','05487-020','Brasil'),(10914,'QUEEN',6,'1998-02-27 00:00:00','1998-03-27 00:00:00','1998-03-02 00:00:00',1,21.1900,'Queen Cozinha','Alameda dos Canàrios, 891','São Paulo','SP','05487-020','Brasil'),(10915,'TORTU',2,'1998-02-27 00:00:00','1998-03-27 00:00:00','1998-03-02 00:00:00',2,3.5100,'Tortuga Restaurante','Avda. Azteca 123','México D.F.','','5033','México'),(10916,'RANCH',1,'1998-02-27 00:00:00','1998-03-27 00:00:00','1998-03-09 00:00:00',2,63.7700,'Rancho grande','Av. del Libertador 900','Buenos Aires','','1010','Argentina'),(10917,'ROMEY',4,'1998-03-02 00:00:00','1998-03-30 00:00:00','1998-03-11 00:00:00',2,8.2900,'Romero y tomillo','Gran Vía, 1','Madrid','','28001','España'),(10918,'BOTTM',3,'1998-03-02 00:00:00','1998-03-30 00:00:00','1998-03-11 00:00:00',3,48.8300,'Bottom-Dollar Markets','23 Tsawassen Blvd.','Tsawassen','BC','T2F 8M4','Canadá'),(10919,'LINOD',2,'1998-03-02 00:00:00','1998-03-30 00:00:00','1998-03-04 00:00:00',2,19.8000,'LINO-Delicateses','Ave. 5 de Mayo Porlamar','I. de Margarita','Nueva Esparta','4980','Venezuela'),(10920,'AROUT',4,'1998-03-03 00:00:00','1998-03-31 00:00:00','1998-03-09 00:00:00',2,29.6100,'Around the Horn','Brook Farm\r\nStratford St. Mary','Colchester','Essex','CO7 6JX','Reino Unido'),(10921,'VAFFE',1,'1998-03-03 00:00:00','1998-04-14 00:00:00','1998-03-09 00:00:00',1,176.4800,'Vaffeljernet','Smagsløget 45','Århus','','8200','Dinamarca'),(10922,'HANAR',5,'1998-03-03 00:00:00','1998-03-31 00:00:00','1998-03-05 00:00:00',3,62.7400,'Hanari Carnes','Rua do Paço, 67','Río de Janeiro','RJ','05454-876','Brasil'),(10923,'LAMAI',7,'1998-03-03 00:00:00','1998-04-14 00:00:00','1998-03-13 00:00:00',3,68.2600,'La maison d\'Asie','1 rue Alsace-Lorraine','Toulouse','','31000','Francia'),(10924,'BERGS',3,'1998-03-04 00:00:00','1998-04-01 00:00:00','1998-04-08 00:00:00',2,151.5200,'Berglunds snabbköp','Berguvsvägen  8','Luleå','','S-958 22','Suecia'),(10925,'HANAR',3,'1998-03-04 00:00:00','1998-04-01 00:00:00','1998-03-13 00:00:00',1,2.2700,'Hanari Carnes','Rua do Paço, 67','Río de Janeiro','RJ','05454-876','Brasil'),(10926,'ANATR',4,'1998-03-04 00:00:00','1998-04-01 00:00:00','1998-03-11 00:00:00',3,39.9200,'Ana Trujillo Emparedados y helados','Avda. de la Constitución 2222','México D.F.','','5021','México'),(10927,'LACOR',4,'1998-03-05 00:00:00','1998-04-02 00:00:00','1998-04-08 00:00:00',1,19.7900,'La corne d\'abondance','67, avenue de l\'Europe','Versailles','','78000','Francia'),(10928,'GALED',1,'1998-03-05 00:00:00','1998-04-02 00:00:00','1998-03-18 00:00:00',1,1.3600,'Galería del gastronómo','Rambla de Cataluña, 23','Barcelona','','8022','España'),(10929,'FRANK',6,'1998-03-05 00:00:00','1998-04-02 00:00:00','1998-03-12 00:00:00',1,33.9300,'Frankenversand','Berliner Platz 43','München','','80805','Alemania'),(10930,'SUPRD',4,'1998-03-06 00:00:00','1998-04-17 00:00:00','1998-03-18 00:00:00',3,15.5500,'Suprêmes délices','Boulevard Tirou, 255','Charleroi','','B-6000','Bélgica'),(10931,'RICSU',4,'1998-03-06 00:00:00','1998-03-20 00:00:00','1998-03-19 00:00:00',2,13.6000,'Richter Supermarkt','Starenweg 5','Genève','','1204','Suiza'),(10932,'BONAP',8,'1998-03-06 00:00:00','1998-04-03 00:00:00','1998-03-24 00:00:00',1,134.6400,'Bon app\'','12, rue des Bouchers','Marseille','','13008','Francia'),(10933,'ISLAT',6,'1998-03-06 00:00:00','1998-04-03 00:00:00','1998-03-16 00:00:00',3,54.1500,'Island Trading','Garden House\r\nCrowther Way','Cowes','Isle of Wight','PO31 7PJ','Reino Unido'),(10934,'LEHMS',3,'1998-03-09 00:00:00','1998-04-06 00:00:00','1998-03-12 00:00:00',3,32.0100,'Lehmanns Marktstand','Magazinweg 7','Frankfurt a.M. ','','60528','Alemania'),(10935,'WELLI',4,'1998-03-09 00:00:00','1998-04-06 00:00:00','1998-03-18 00:00:00',3,47.5900,'Wellington Importadora','Rua do Mercado, 12','Resende','SP','08737-363','Brasil'),(10936,'GREAL',3,'1998-03-09 00:00:00','1998-04-06 00:00:00','1998-03-18 00:00:00',2,33.6800,'Great Lakes Food Market','2732 Baker Blvd.','Eugene','OR','97403','Estados Unidos'),(10937,'CACTU',7,'1998-03-10 00:00:00','1998-03-24 00:00:00','1998-03-13 00:00:00',3,31.5100,'Cactus Comidas para llevar','Cerrito 333','Buenos Aires','','1010','Argentina'),(10938,'QUICK',3,'1998-03-10 00:00:00','1998-04-07 00:00:00','1998-03-16 00:00:00',2,31.8900,'QUICK-Stop','Taucherstraße 10','Cunewalde','','1307','Alemania'),(10939,'MAGAA',2,'1998-03-10 00:00:00','1998-04-07 00:00:00','1998-03-13 00:00:00',2,76.3300,'Magazzini Alimentari Riuniti','Via Ludovico il Moro 22','Bérgamo','','24100','Italia'),(10940,'BONAP',8,'1998-03-11 00:00:00','1998-04-08 00:00:00','1998-03-23 00:00:00',3,19.7700,'Bon app\'','12, rue des Bouchers','Marseille','','13008','Francia'),(10941,'SAVEA',7,'1998-03-11 00:00:00','1998-04-08 00:00:00','1998-03-20 00:00:00',2,400.8100,'Save-a-lot Markets','187 Suffolk Ln.','Boise','ID','83720','Estados Unidos'),(10942,'REGGC',9,'1998-03-11 00:00:00','1998-04-08 00:00:00','1998-03-18 00:00:00',3,17.9500,'Reggiani Caseifici','Strada Provinciale 124','Reggio Emilia','','42100','Italia'),(10943,'BSBEV',4,'1998-03-11 00:00:00','1998-04-08 00:00:00','1998-03-19 00:00:00',2,2.1700,'B\'s Beverages','Fauntleroy Circus','London','','EC2 5NT','Reino Unido'),(10944,'BOTTM',6,'1998-03-12 00:00:00','1998-03-26 00:00:00','1998-03-13 00:00:00',3,52.9200,'Bottom-Dollar Markets','23 Tsawassen Blvd.','Tsawassen','BC','T2F 8M4','Canadá'),(10945,'MORGK',4,'1998-03-12 00:00:00','1998-04-09 00:00:00','1998-03-18 00:00:00',1,10.2200,'Morgenstern Gesundkost','Heerstr. 22','Leipzig','','4179','Alemania'),(10946,'VAFFE',1,'1998-03-12 00:00:00','1998-04-09 00:00:00','1998-03-19 00:00:00',2,27.2000,'Vaffeljernet','Smagsløget 45','Århus','','8200','Dinamarca'),(10947,'BSBEV',3,'1998-03-13 00:00:00','1998-04-10 00:00:00','1998-03-16 00:00:00',2,3.2600,'B\'s Beverages','Fauntleroy Circus','London','','EC2 5NT','Reino Unido'),(10948,'GODOS',3,'1998-03-13 00:00:00','1998-04-10 00:00:00','1998-03-19 00:00:00',3,23.3900,'Godos Cocina Típica','C/ Romero, 33','Sevilla','','41101','España'),(10949,'BOTTM',2,'1998-03-13 00:00:00','1998-04-10 00:00:00','1998-03-17 00:00:00',3,74.4400,'Bottom-Dollar Markets','23 Tsawassen Blvd.','Tsawassen','BC','T2F 8M4','Canadá'),(10950,'MAGAA',1,'1998-03-16 00:00:00','1998-04-13 00:00:00','1998-03-23 00:00:00',2,2.5000,'Magazzini Alimentari Riuniti','Via Ludovico il Moro 22','Bérgamo','','24100','Italia'),(10951,'RICSU',9,'1998-03-16 00:00:00','1998-04-27 00:00:00','1998-04-07 00:00:00',2,30.8500,'Richter Supermarkt','Starenweg 5','Genève','','1204','Suiza'),(10953,'AROUT',9,'1998-03-16 00:00:00','1998-03-30 00:00:00','1998-03-25 00:00:00',2,23.7200,'Around the Horn','Brook Farm\r\nStratford St. Mary','Colchester','Essex','CO7 6JX','Reino Unido'),(10954,'LINOD',5,'1998-03-17 00:00:00','1998-04-28 00:00:00','1998-03-20 00:00:00',1,27.9100,'LINO-Delicateses','Ave. 5 de Mayo Porlamar','I. de Margarita','Nueva Esparta','4980','Venezuela'),(10955,'FOLKO',8,'1998-03-17 00:00:00','1998-04-14 00:00:00','1998-03-20 00:00:00',2,3.2600,'Folk och fä HB','Åkergatan 24','Bräcke','','S-844 67','Suecia'),(10956,'BLAUS',6,'1998-03-17 00:00:00','1998-04-28 00:00:00','1998-03-20 00:00:00',2,44.6500,'Blauer See Delikatessen','Forsterstr. 57','Mannheim','','68306','Alemania'),(10957,'HILAA',8,'1998-03-18 00:00:00','1998-04-15 00:00:00','1998-03-27 00:00:00',3,105.3600,'HILARIÓN-Abastos','Carrera 22 con Ave. Carlos Soublette #8-35','San Cristóbal','Táchira','5022','Venezuela'),(10958,'OCEAN',7,'1998-03-18 00:00:00','1998-04-15 00:00:00','1998-03-27 00:00:00',2,49.5600,'Océano Atlántico Ltda.','Ing. Gustavo Moncada 8585\r\nPiso 20-A','Buenos Aires','','1010','Argentina'),(10959,'GOURL',6,'1998-03-18 00:00:00','1998-04-29 00:00:00','1998-03-23 00:00:00',2,4.9800,'Gourmet Lanchonetes','Av. Brasil, 442','Campinas','SP','04876-786','Brasil'),(10960,'HILAA',3,'1998-03-19 00:00:00','1998-04-02 00:00:00','1998-04-08 00:00:00',1,2.0800,'HILARIÓN-Abastos','Carrera 22 con Ave. Carlos Soublette #8-35','San Cristóbal','Táchira','5022','Venezuela'),(10961,'QUEEN',8,'1998-03-19 00:00:00','1998-04-16 00:00:00','1998-03-30 00:00:00',1,104.4700,'Queen Cozinha','Alameda dos Canàrios, 891','São Paulo','SP','05487-020','Brasil'),(10962,'QUICK',8,'1998-03-19 00:00:00','1998-04-16 00:00:00','1998-03-23 00:00:00',2,275.7900,'QUICK-Stop','Taucherstraße 10','Cunewalde','','1307','Alemania'),(10963,'FURIB',9,'1998-03-19 00:00:00','1998-04-16 00:00:00','1998-03-26 00:00:00',3,2.7000,'Furia Bacalhau e Frutos do Mar','Jardim das rosas n. 32','Lisboa','','1675','Portugal'),(10964,'SPECD',3,'1998-03-20 00:00:00','1998-04-17 00:00:00','1998-03-24 00:00:00',2,87.3800,'Spécialités du monde','25, rue Lauriston','Paris','','75016','Francia'),(10965,'OLDWO',6,'1998-03-20 00:00:00','1998-04-17 00:00:00','1998-03-30 00:00:00',3,144.3800,'Old World Delicatessen','2743 Bering St.','Anchorage','AK','99508','Estados Unidos'),(10966,'CHOPS',4,'1998-03-20 00:00:00','1998-04-17 00:00:00','1998-04-08 00:00:00',1,27.1900,'Chop-suey Chinese','Hauptstr. 31','Bern','','3012','Suiza'),(10967,'TOMSP',2,'1998-03-23 00:00:00','1998-04-20 00:00:00','1998-04-02 00:00:00',2,62.2200,'Toms Spezialitäten','Luisenstr. 48','Münster','','44087','Alemania'),(10968,'ERNSH',1,'1998-03-23 00:00:00','1998-04-20 00:00:00','1998-04-01 00:00:00',3,74.6000,'Ernst Handel','Kirchgasse 6','Graz','','8010','Austria'),(10969,'COMMI',1,'1998-03-23 00:00:00','1998-04-20 00:00:00','1998-03-30 00:00:00',2,0.2100,'Comércio Mineiro','Av. dos Lusíadas, 23','São Paulo','SP','05432-043','Brasil'),(10970,'BOLID',9,'1998-03-24 00:00:00','1998-04-07 00:00:00','1998-04-24 00:00:00',1,16.1600,'Bólido Comidas preparadas','C/ Araquil, 67','Madrid','','28023','España'),(10971,'FRANR',2,'1998-03-24 00:00:00','1998-04-21 00:00:00','1998-04-02 00:00:00',2,121.8200,'France restauration','54, rue Royale','Nantes','','44000','Francia'),(10972,'LACOR',4,'1998-03-24 00:00:00','1998-04-21 00:00:00','1998-03-26 00:00:00',2,0.0200,'La corne d\'abondance','67, avenue de l\'Europe','Versailles','','78000','Francia'),(10973,'LACOR',6,'1998-03-24 00:00:00','1998-04-21 00:00:00','1998-03-27 00:00:00',2,15.1700,'La corne d\'abondance','67, avenue de l\'Europe','Versailles','','78000','Francia'),(10974,'SPLIR',3,'1998-03-25 00:00:00','1998-04-08 00:00:00','1998-04-03 00:00:00',3,12.9600,'Split Rail Beer & Ale','P.O. Box 555','Lander','WY','82520','Estados Unidos'),(10975,'BOTTM',1,'1998-03-25 00:00:00','1998-04-22 00:00:00','1998-03-27 00:00:00',3,32.2700,'Bottom-Dollar Markets','23 Tsawassen Blvd.','Tsawassen','BC','T2F 8M4','Canadá'),(10976,'HILAA',1,'1998-03-25 00:00:00','1998-05-06 00:00:00','1998-04-03 00:00:00',1,37.9700,'HILARIÓN-Abastos','Carrera 22 con Ave. Carlos Soublette #8-35','San Cristóbal','Táchira','5022','Venezuela'),(10977,'FOLKO',8,'1998-03-26 00:00:00','1998-04-23 00:00:00','1998-04-10 00:00:00',3,208.5000,'Folk och fä HB','Åkergatan 24','Bräcke','','S-844 67','Suecia'),(10978,'MAISD',9,'1998-03-26 00:00:00','1998-04-23 00:00:00','1998-04-23 00:00:00',2,32.8200,'Maison Dewey','Rue Joseph-Bens 532','Bruxelles','','B-1180','Bélgica'),(10979,'ERNSH',8,'1998-03-26 00:00:00','1998-04-23 00:00:00','1998-03-31 00:00:00',2,353.0700,'Ernst Handel','Kirchgasse 6','Graz','','8010','Austria'),(10980,'FOLKO',4,'1998-03-27 00:00:00','1998-05-08 00:00:00','1998-04-17 00:00:00',1,1.2600,'Folk och fä HB','Åkergatan 24','Bräcke','','S-844 67','Suecia'),(10981,'HANAR',1,'1998-03-27 00:00:00','1998-04-24 00:00:00','1998-04-02 00:00:00',2,193.3700,'Hanari Carnes','Rua do Paço, 67','Río de Janeiro','RJ','05454-876','Brasil'),(10982,'BOTTM',2,'1998-03-27 00:00:00','1998-04-24 00:00:00','1998-04-08 00:00:00',1,14.0100,'Bottom-Dollar Markets','23 Tsawassen Blvd.','Tsawassen','BC','T2F 8M4','Canadá'),(10983,'SAVEA',2,'1998-03-27 00:00:00','1998-04-24 00:00:00','1998-04-06 00:00:00',2,657.5400,'Save-a-lot Markets','187 Suffolk Ln.','Boise','ID','83720','Estados Unidos'),(10984,'SAVEA',1,'1998-03-30 00:00:00','1998-04-27 00:00:00','1998-04-03 00:00:00',3,211.2200,'Save-a-lot Markets','187 Suffolk Ln.','Boise','ID','83720','Estados Unidos'),(10985,'HUNGO',2,'1998-03-30 00:00:00','1998-04-27 00:00:00','1998-04-02 00:00:00',1,91.5100,'Hungry Owl All-Night Grocers','8 Johnstown Road','Cork','Co. Cork','','Irlanda'),(10986,'OCEAN',8,'1998-03-30 00:00:00','1998-04-27 00:00:00','1998-04-21 00:00:00',2,217.8600,'Océano Atlántico Ltda.','Ing. Gustavo Moncada 8585\r\nPiso 20-A','Buenos Aires','','1010','Argentina'),(10987,'EASTC',8,'1998-03-31 00:00:00','1998-04-28 00:00:00','1998-04-06 00:00:00',1,185.4800,'Eastern Connection','35 King George','London','','WX3 6FW','Reino Unido'),(10988,'RATTC',3,'1998-03-31 00:00:00','1998-04-28 00:00:00','1998-04-10 00:00:00',2,61.1400,'Rattlesnake Canyon Grocery','2817 Milton Dr.','Albuquerque','NM','87110','Estados Unidos'),(10989,'QUEDE',2,'1998-03-31 00:00:00','1998-04-28 00:00:00','1998-04-02 00:00:00',1,34.7600,'Que Delícia','Rua da Panificadora, 12','Río de Janeiro','RJ','02389-673','Brasil'),(10990,'ERNSH',2,'1998-04-01 00:00:00','1998-05-13 00:00:00','1998-04-07 00:00:00',3,117.6100,'Ernst Handel','Kirchgasse 6','Graz','','8010','Austria'),(10991,'QUICK',1,'1998-04-01 00:00:00','1998-04-29 00:00:00','1998-04-07 00:00:00',1,38.5100,'QUICK-Stop','Taucherstraße 10','Cunewalde','','1307','Alemania'),(10992,'THEBI',1,'1998-04-01 00:00:00','1998-04-29 00:00:00','1998-04-03 00:00:00',3,4.2700,'The Big Cheese','89 Jefferson Way\r\nSuite 2','Portland','OR','97201','Estados Unidos'),(10993,'FOLKO',7,'1998-04-01 00:00:00','1998-04-29 00:00:00','1998-04-10 00:00:00',3,8.8100,'Folk och fä HB','Åkergatan 24','Bräcke','','S-844 67','Suecia'),(10994,'VAFFE',2,'1998-04-02 00:00:00','1998-04-16 00:00:00','1998-04-09 00:00:00',3,65.5300,'Vaffeljernet','Smagsløget 45','Århus','','8200','Dinamarca'),(10995,'PERIC',1,'1998-04-02 00:00:00','1998-04-30 00:00:00','1998-04-06 00:00:00',3,46.0000,'Pericles Comidas clásicas','Calle Dr. Jorge Cash 321','México D.F.','','5033','México'),(10996,'QUICK',4,'1998-04-02 00:00:00','1998-04-30 00:00:00','1998-04-10 00:00:00',2,1.1200,'QUICK-Stop','Taucherstraße 10','Cunewalde','','1307','Alemania'),(10997,'LILAS',8,'1998-04-03 00:00:00','1998-05-15 00:00:00','1998-04-13 00:00:00',2,73.9100,'LILA-Supermercado','Carrera 52 con Ave. Bolívar #65-98 Llano Largo','Barquisimeto','Lara','3508','Venezuela'),(10998,'WOLZA',8,'1998-04-03 00:00:00','1998-04-17 00:00:00','1998-04-17 00:00:00',2,20.3100,'Wolski Zajazd','ul. Filtrowa 68','Warszawa','','01-012','Polonia'),(10999,'OTTIK',6,'1998-04-03 00:00:00','1998-05-01 00:00:00','1998-04-10 00:00:00',2,96.3500,'Ottilies Käseladen','Mehrheimerstr. 369','Köln','','50739','Alemania'),(11000,'RATTC',2,'1998-04-06 00:00:00','1998-05-04 00:00:00','1998-04-14 00:00:00',3,55.1200,'Rattlesnake Canyon Grocery','2817 Milton Dr.','Albuquerque','NM','87110','Estados Unidos'),(11001,'FOLKO',2,'1998-04-06 00:00:00','1998-05-04 00:00:00','1998-04-14 00:00:00',2,197.3000,'Folk och fä HB','Åkergatan 24','Bräcke','','S-844 67','Suecia'),(11002,'SAVEA',4,'1998-04-06 00:00:00','1998-05-04 00:00:00','1998-04-16 00:00:00',1,141.1600,'Save-a-lot Markets','187 Suffolk Ln.','Boise','ID','83720','Estados Unidos'),(11003,'THECR',3,'1998-04-06 00:00:00','1998-05-04 00:00:00','1998-04-08 00:00:00',3,14.9100,'The Cracker Box','55 Grizzly Peak Rd.','Butte','MT','59801','Estados Unidos'),(11004,'MAISD',3,'1998-04-07 00:00:00','1998-05-05 00:00:00','1998-04-20 00:00:00',1,44.8400,'Maison Dewey','Rue Joseph-Bens 532','Bruxelles','','B-1180','Bélgica'),(11005,'WILMK',2,'1998-04-07 00:00:00','1998-05-05 00:00:00','1998-04-10 00:00:00',1,0.7500,'Wilman Kala','Keskuskatu 45','Helsinki','','21240','Finlandia'),(11006,'GREAL',3,'1998-04-07 00:00:00','1998-05-05 00:00:00','1998-04-15 00:00:00',2,25.1900,'Great Lakes Food Market','2732 Baker Blvd.','Eugene','OR','97403','Estados Unidos'),(11007,'PRINI',8,'1998-04-08 00:00:00','1998-05-06 00:00:00','1998-04-13 00:00:00',2,202.2400,'Princesa Isabel Vinhos','Estrada da saúde n. 58','Lisboa','','1756','Portugal'),(11009,'GODOS',2,'1998-04-08 00:00:00','1998-05-06 00:00:00','1998-04-10 00:00:00',1,59.1100,'Godos Cocina Típica','C/ Romero, 33','Sevilla','','41101','España'),(11010,'REGGC',2,'1998-04-09 00:00:00','1998-05-07 00:00:00','1998-04-21 00:00:00',2,28.7100,'Reggiani Caseifici','Strada Provinciale 124','Reggio Emilia','','42100','Italia'),(11012,'FRANK',1,'1998-04-09 00:00:00','1998-04-23 00:00:00','1998-04-17 00:00:00',3,242.9500,'Frankenversand','Berliner Platz 43','München','','80805','Alemania'),(11013,'ROMEY',2,'1998-04-09 00:00:00','1998-05-07 00:00:00','1998-04-10 00:00:00',1,32.9900,'Romero y tomillo','Gran Vía, 1','Madrid','','28001','España'),(11014,'LINOD',2,'1998-04-10 00:00:00','1998-05-08 00:00:00','1998-04-15 00:00:00',3,23.6000,'LINO-Delicateses','Ave. 5 de Mayo Porlamar','I. de Margarita','Nueva Esparta','4980','Venezuela'),(11015,'SANTG',2,'1998-04-10 00:00:00','1998-04-24 00:00:00','1998-04-20 00:00:00',2,4.6200,'Santé Gourmet','Erling Skakkes gate 78','Stavern','','4110','Noruega'),(11016,'AROUT',9,'1998-04-10 00:00:00','1998-05-08 00:00:00','1998-04-13 00:00:00',2,33.8000,'Around the Horn','Brook Farm\r\nStratford St. Mary','Colchester','Essex','CO7 6JX','Reino Unido'),(11017,'ERNSH',9,'1998-04-13 00:00:00','1998-05-11 00:00:00','1998-04-20 00:00:00',2,754.2600,'Ernst Handel','Kirchgasse 6','Graz','','8010','Austria'),(11018,'LONEP',4,'1998-04-13 00:00:00','1998-05-11 00:00:00','1998-04-16 00:00:00',2,11.6500,'Lonesome Pine Restaurant','89 Chiaroscuro Rd.','Portland','OR','97219','Estados Unidos'),(11020,'OTTIK',2,'1998-04-14 00:00:00','1998-05-12 00:00:00','1998-04-16 00:00:00',2,43.3000,'Ottilies Käseladen','Mehrheimerstr. 369','Köln','','50739','Alemania'),(11021,'QUICK',3,'1998-04-14 00:00:00','1998-05-12 00:00:00','1998-04-21 00:00:00',1,297.1800,'QUICK-Stop','Taucherstraße 10','Cunewalde','','1307','Alemania'),(11022,'HANAR',9,'1998-04-14 00:00:00','1998-05-12 00:00:00','1998-05-04 00:00:00',2,6.2700,'Hanari Carnes','Rua do Paço, 67','Río de Janeiro','RJ','05454-876','Brasil'),(11023,'BSBEV',1,'1998-04-14 00:00:00','1998-04-28 00:00:00','1998-04-24 00:00:00',2,123.8300,'B\'s Beverages','Fauntleroy Circus','London','','EC2 5NT','Reino Unido'),(11024,'EASTC',4,'1998-04-15 00:00:00','1998-05-13 00:00:00','1998-04-20 00:00:00',1,74.3600,'Eastern Connection','35 King George','London','','WX3 6FW','Reino Unido'),(11025,'WARTH',6,'1998-04-15 00:00:00','1998-05-13 00:00:00','1998-04-24 00:00:00',3,29.1700,'Wartian Herkku','Torikatu 38','Oulu','','90110','Finlandia'),(11026,'FRANS',4,'1998-04-15 00:00:00','1998-05-13 00:00:00','1998-04-28 00:00:00',1,47.0900,'Franchi S.p.A.','Via Monte Bianco 34','Torino','','10100','Italia'),(11027,'BOTTM',1,'1998-04-16 00:00:00','1998-05-14 00:00:00','1998-04-20 00:00:00',1,52.5200,'Bottom-Dollar Markets','23 Tsawassen Blvd.','Tsawassen','BC','T2F 8M4','Canadá'),(11028,'KOENE',2,'1998-04-16 00:00:00','1998-05-14 00:00:00','1998-04-22 00:00:00',1,29.5900,'Königlich Essen','Maubelstr. 90','Brandenburg','','14776','Alemania'),(11029,'CHOPS',4,'1998-04-16 00:00:00','1998-05-14 00:00:00','1998-04-27 00:00:00',1,47.8400,'Chop-suey Chinese','Hauptstr. 31','Bern','','3012','Suiza'),(11030,'SAVEA',7,'1998-04-17 00:00:00','1998-05-15 00:00:00','1998-04-27 00:00:00',2,830.7500,'Save-a-lot Markets','187 Suffolk Ln.','Boise','ID','83720','Estados Unidos'),(11031,'SAVEA',6,'1998-04-17 00:00:00','1998-05-15 00:00:00','1998-04-24 00:00:00',2,227.2200,'Save-a-lot Markets','187 Suffolk Ln.','Boise','ID','83720','Estados Unidos'),(11032,'WHITC',2,'1998-04-17 00:00:00','1998-05-15 00:00:00','1998-04-23 00:00:00',3,606.1900,'White Clover Markets','1029 - 12th Ave. S.','Seattle','WA','98124','Estados Unidos'),(11033,'RICSU',7,'1998-04-17 00:00:00','1998-05-15 00:00:00','1998-04-23 00:00:00',3,84.7400,'Richter Supermarkt','Starenweg 5','Genève','','1204','Suiza'),(11034,'OLDWO',8,'1998-04-20 00:00:00','1998-06-01 00:00:00','1998-04-27 00:00:00',1,40.3200,'Old World Delicatessen','2743 Bering St.','Anchorage','AK','99508','Estados Unidos'),(11035,'SUPRD',2,'1998-04-20 00:00:00','1998-05-18 00:00:00','1998-04-24 00:00:00',2,0.1700,'Suprêmes délices','Boulevard Tirou, 255','Charleroi','','B-6000','Bélgica'),(11036,'DRACD',8,'1998-04-20 00:00:00','1998-05-18 00:00:00','1998-04-22 00:00:00',3,149.4700,'Drachenblut Delikatessen','Walserweg 21','Aachen','','52066','Alemania'),(11037,'GODOS',7,'1998-04-21 00:00:00','1998-05-19 00:00:00','1998-04-27 00:00:00',1,3.2000,'Godos Cocina Típica','C/ Romero, 33','Sevilla','','41101','España'),(11038,'SUPRD',1,'1998-04-21 00:00:00','1998-05-19 00:00:00','1998-04-30 00:00:00',2,29.5900,'Suprêmes délices','Boulevard Tirou, 255','Charleroi','','B-6000','Bélgica'),(11041,'CHOPS',3,'1998-04-22 00:00:00','1998-05-20 00:00:00','1998-04-28 00:00:00',2,48.2200,'Chop-suey Chinese','Hauptstr. 31','Bern','','3012','Suiza'),(11042,'COMMI',2,'1998-04-22 00:00:00','1998-05-06 00:00:00','1998-05-01 00:00:00',1,29.9900,'Comércio Mineiro','Av. dos Lusíadas, 23','São Paulo','SP','05432-043','Brasil'),(11043,'SPECD',5,'1998-04-22 00:00:00','1998-05-20 00:00:00','1998-04-29 00:00:00',2,8.8000,'Spécialités du monde','25, rue Lauriston','Paris','','75016','Francia'),(11044,'WOLZA',4,'1998-04-23 00:00:00','1998-05-21 00:00:00','1998-05-01 00:00:00',1,8.7200,'Wolski Zajazd','ul. Filtrowa 68','Warszawa','','01-012','Polonia'),(11046,'WANDK',8,'1998-04-23 00:00:00','1998-05-21 00:00:00','1998-04-24 00:00:00',2,71.6400,'Die Wandernde Kuh','Adenauerallee 900','Stuttgart','','70563','Alemania'),(11047,'EASTC',7,'1998-04-24 00:00:00','1998-05-22 00:00:00','1998-05-01 00:00:00',3,46.6200,'Eastern Connection','35 King George','London','','WX3 6FW','Reino Unido'),(11048,'BOTTM',7,'1998-04-24 00:00:00','1998-05-22 00:00:00','1998-04-30 00:00:00',3,24.1200,'Bottom-Dollar Markets','23 Tsawassen Blvd.','Tsawassen','BC','T2F 8M4','Canadá'),(11049,'GOURL',3,'1998-04-24 00:00:00','1998-05-22 00:00:00','1998-05-04 00:00:00',1,8.3400,'Gourmet Lanchonetes','Av. Brasil, 442','Campinas','SP','04876-786','Brasil'),(11050,'FOLKO',8,'1998-04-27 00:00:00','1998-05-25 00:00:00','1998-05-05 00:00:00',2,59.4100,'Folk och fä HB','Åkergatan 24','Bräcke','','S-844 67','Suecia'),(11052,'HANAR',3,'1998-04-27 00:00:00','1998-05-25 00:00:00','1998-05-01 00:00:00',1,67.2600,'Hanari Carnes','Rua do Paço, 67','Río de Janeiro','RJ','05454-876','Brasil'),(11053,'PICCO',2,'1998-04-27 00:00:00','1998-05-25 00:00:00','1998-04-29 00:00:00',2,53.0500,'Piccolo und mehr','Geislweg 14','Salzburg','','5020','Austria'),(11055,'HILAA',7,'1998-04-28 00:00:00','1998-05-26 00:00:00','1998-05-05 00:00:00',2,120.9200,'HILARIÓN-Abastos','Carrera 22 con Ave. Carlos Soublette #8-35','San Cristóbal','Táchira','5022','Venezuela'),(11056,'EASTC',8,'1998-04-28 00:00:00','1998-05-12 00:00:00','1998-05-01 00:00:00',2,278.9600,'Eastern Connection','35 King George','London','','WX3 6FW','Reino Unido'),(11057,'NORTS',3,'1998-04-29 00:00:00','1998-05-27 00:00:00','1998-05-01 00:00:00',3,4.1300,'North/South','South House\r\n300 Queensbridge','London','','SW7 1RZ','Reino Unido'),(11060,'FRANS',2,'1998-04-30 00:00:00','1998-05-28 00:00:00','1998-05-04 00:00:00',2,10.9800,'Franchi S.p.A.','Via Monte Bianco 34','Torino','','10100','Italia'),(11063,'HUNGO',3,'1998-04-30 00:00:00','1998-05-28 00:00:00','1998-05-06 00:00:00',2,81.7300,'Hungry Owl All-Night Grocers','8 Johnstown Road','Cork','Co. Cork','','Irlanda'),(11064,'SAVEA',1,'1998-05-01 00:00:00','1998-05-29 00:00:00','1998-05-04 00:00:00',1,30.0900,'Save-a-lot Markets','187 Suffolk Ln.','Boise','ID','83720','Estados Unidos'),(11066,'WHITC',7,'1998-05-01 00:00:00','1998-05-29 00:00:00','1998-05-04 00:00:00',2,44.7200,'White Clover Markets','1029 - 12th Ave. S.','Seattle','WA','98124','Estados Unidos'),(11067,'DRACD',1,'1998-05-04 00:00:00','1998-05-18 00:00:00','1998-05-06 00:00:00',2,7.9800,'Drachenblut Delikatessen','Walserweg 21','Aachen','','52066','Alemania'),(11069,'TORTU',1,'1998-05-04 00:00:00','1998-06-01 00:00:00','1998-05-06 00:00:00',2,15.6700,'Tortuga Restaurante','Avda. Azteca 123','México D.F.','','5033','México');
/*!40000 ALTER TABLE `pedidos` ENABLE KEYS */;
UNLOCK TABLES;

--
-- Table structure for table `productos`
--

DROP TABLE IF EXISTS `productos`;
/*!40101 SET @saved_cs_client     = @@character_set_client */;
/*!40101 SET character_set_client = utf8 */;
CREATE TABLE `productos` (
  `IdProducto` int(10) NOT NULL,
  `NombreProducto` varchar(40) DEFAULT NULL,
  `IdProveedor` int(10) DEFAULT NULL,
  `IdCategoría` int(10) DEFAULT NULL,
  `CantidadPorUnidad` varchar(20) DEFAULT NULL,
  `PrecioUnidad` decimal(19,4) DEFAULT NULL,
  `UnidadesEnExistencia` smallint(5) DEFAULT NULL,
  `UnidadesEnPedido` smallint(5) DEFAULT NULL,
  `NivelNuevoPedido` int(10) DEFAULT NULL,
  `Suspendido` tinyint(1) NOT NULL,
  PRIMARY KEY (`IdProducto`),
  KEY `NombreProducto` (`NombreProducto`),
  KEY `ProveedoresProductos` (`IdProveedor`),
  KEY `CategoríasProductos` (`IdCategoría`),
  CONSTRAINT `CategoríasProductos` FOREIGN KEY (`IdCategoría`) REFERENCES `categorias` (`IdCategoría`),
  CONSTRAINT `ProveedoresProductos` FOREIGN KEY (`IdProveedor`) REFERENCES `proveedores` (`IdProveedor`)
) ENGINE=InnoDB DEFAULT CHARSET=latin1;
/*!40101 SET character_set_client = @saved_cs_client */;

--
-- Dumping data for table `productos`
--

LOCK TABLES `productos` WRITE;
/*!40000 ALTER TABLE `productos` DISABLE KEYS */;
INSERT INTO `productos` VALUES (4,'Especias Cajun del chef Anton',2,2,'48 - frascos 6 l',22.0000,53,0,0,0),(5,'Mezcla Gumbo del chef Anton',2,2,'36 cajas',21.3500,0,0,0,1),(6,'Mermelada de grosellas de la abuela',3,2,'12 - frascos 8 l',25.0000,120,0,25,0),(7,'Peras secas orgánicas del tío Bob',3,7,'12 - paq. 1 kg',30.0000,15,0,10,0),(8,'Salsa de arándanos Northwoods',3,2,'12 - frascos 12 l',40.0000,6,0,0,0),(9,'Buey Mishi Kobe',4,6,'18 - paq. 500 g',97.0000,29,0,0,1),(10,'Pez espada',4,8,'12 - frascos 200 ml',31.0000,31,0,0,0),(13,'Algas Konbu',6,8,'caja 2 kg',6.0000,24,0,5,0),(14,'Cuajada de judías',6,7,'40 - paq. 100 g',23.2500,35,0,0,0),(15,'Salsa de soja baja en sodio',6,2,'24 - bot. 250 ml',15.5000,39,0,5,0),(16,'Postre de merengue Pavlova',7,3,'32 - cajas 500 g',17.4500,29,0,10,0),(17,'Cordero Alice Springs',7,6,'20 - latas 1 kg',39.0000,0,0,0,1),(18,'Langostinos tigre Carnarvon',7,8,'paq. 16 kg',62.5000,42,0,0,0),(19,'Pastas de té de chocolate',8,3,'10 cajas x 12 piezas',9.2000,25,0,5,0),(20,'Mermelada de Sir Rodney\'s',8,3,'30 cajas regalo',81.0000,40,0,0,0),(21,'Bollos de Sir Rodney\'s',8,3,'24 paq. x 4 piezas',10.0000,3,40,5,0),(22,'Pan de centeno crujiente estilo Gustaf\'s',9,5,'24 - paq. 500 g',21.0000,104,0,25,0),(23,'Pan fino',9,5,'12 - paq. 250 g',9.0000,61,0,25,0),(25,'Crema de chocolate y nueces NuNuCa',11,3,'20 - vasos  450 g',14.0000,76,0,30,0),(26,'Ositos de goma Gumbär',11,3,'100 - bolsas 250 g',31.2300,15,0,0,0),(27,'Chocolate Schoggi',11,3,'100 - piezas 100 g',43.9000,49,0,30,0),(28,'Col fermentada Rössle',12,7,'25 - latas 825 g',45.6000,26,0,0,1),(29,'Salchicha Thüringer',12,6,'50 bolsas x 30 salch',123.7900,0,0,0,1),(30,'Arenque blanco del noroeste',13,8,'10 - vasos 200 g',25.8900,10,0,15,0),(31,'Queso gorgonzola Telino',14,4,'12 - paq. 100 g',12.5000,0,70,20,0),(32,'Queso Mascarpone Fabioli',14,4,'24 - paq. 200 g',32.0000,9,40,25,0),(33,'Queso de cabra',15,4,'500 g',2.5000,112,0,20,0),(34,'Cerveza Sasquatch',16,1,'24 - bot. 12 l',14.0000,111,0,15,0),(35,'Cerveza negra Steeleye',16,1,'24 - bot. 12 l',18.0000,20,0,15,0),(36,'Escabeche de arenque',17,8,'24 - frascos 250 g',19.0000,112,0,20,0),(37,'Salmón ahumado Gravad',17,8,'12 - paq. 500 g',26.0000,11,50,25,0),(40,'Carne de cangrejo de Boston',19,8,'24 - latas 4 l',18.4000,123,0,30,0),(41,'Crema de almejas estilo Nueva Inglaterra',19,8,'12 - latas 12 l',9.6500,85,0,10,0),(42,'Tallarines de Singapur',20,5,'32 - 1 kg paq.',14.0000,26,0,0,1),(43,'Café de Malasia',20,1,'16 - latas 500 g',46.0000,17,10,25,0),(44,'Azúcar negra Malacca',20,2,'20 - bolsas 2 kg',19.4500,27,0,15,0),(45,'Arenque ahumado',21,8,'paq. 1k',9.5000,5,70,15,0),(46,'Arenque salado',21,8,'4 - vasos 450 g',12.0000,95,0,0,0),(47,'Galletas Zaanse',22,3,'10 - cajas 4 l',9.5000,36,0,0,0),(48,'Chocolate holandés',22,3,'10 paq.',12.7500,15,70,25,0),(49,'Regaliz',23,3,'24 - paq. 50 g',20.0000,10,60,15,0),(50,'Chocolate blanco',23,3,'12 - barras 100 g',16.2500,65,0,30,0),(51,'Manzanas secas Manjimup',24,7,'50 - paq. 300 g',53.0000,20,0,10,0),(52,'Cereales para Filo',24,5,'16 - cajas 2 kg',7.0000,38,0,25,0),(53,'Empanada de carne',24,6,'48 porc.',32.8000,0,0,0,1),(54,'Empanada de cerdo',25,6,'16 tartas',7.4500,21,0,10,0),(55,'Paté chino',25,6,'24 cajas x 2 tartas',24.0000,115,0,20,0),(56,'Gnocchi de la abuela Alicia',26,5,'24 - paq. 250 g',38.0000,21,10,30,0),(57,'Raviolis Angelo',26,5,'24 - paq. 250 g',19.5000,36,0,20,0),(59,'Raclet de queso Courdavault',28,4,'paq. 5 kg',55.0000,79,0,0,0),(60,'Camembert Pierrot',28,4,'15 - paq. 300 g',34.0000,19,0,0,0),(63,'Sandwich de vegetales',7,2,'15 - frascos 625 g',43.9000,24,0,5,0),(64,'Bollos de pan de Wimmer',12,5,'20 bolsas x 4 porc.',33.2500,22,80,30,0),(65,'Salsa de pimiento picante de Luisiana',2,2,'32 - bot. 8 l',21.0500,76,0,0,0),(66,'Especias picantes de Luisiana',2,2,'24 - frascos 8 l',17.0000,4,100,20,0),(67,'Cerveza Laughing Lumberjack',16,1,'24 - bot. 12 l',14.0000,52,0,10,0),(68,'Barras de pan de Escocia',8,3,'10 cajas x 8 porc.',12.5000,6,10,15,0),(69,'Queso Gudbrandsdals',15,4,'paq. 10 kg',36.0000,26,0,15,0),(70,'Cerveza Outback',7,1,'24 - bot. 355 ml',15.0000,15,10,30,0),(72,'Queso Mozzarella Giovanni',14,4,'24 - paq. 200 g',34.8000,14,0,0,0),(73,'Caviar rojo',17,8,'24 - frascos150 g',15.0000,101,0,5,0),(74,'Queso de soja Longlife',4,7,'paq. 5 kg',10.0000,4,20,5,0),(75,'Cerveza Klosterbier Rhönbräu',12,1,'24 - bot. 0,5 l',7.7500,125,0,25,0),(76,'Licor Cloudberry',23,1,'500 ml',18.0000,57,0,20,0),(77,'Salsa verde original Frankfurter',12,2,'12 cajas',13.0000,32,0,15,0);
/*!40000 ALTER TABLE `productos` ENABLE KEYS */;
UNLOCK TABLES;

--
-- Table structure for table `proveedores`
--

DROP TABLE IF EXISTS `proveedores`;
/*!40101 SET @saved_cs_client     = @@character_set_client */;
/*!40101 SET character_set_client = utf8 */;
CREATE TABLE `proveedores` (
  `IdProveedor` int(10) NOT NULL,
  `NombreCompañía` varchar(40) DEFAULT NULL,
  `NombreContacto` varchar(30) DEFAULT NULL,
  `CargoContacto` varchar(30) DEFAULT NULL,
  `Dirección` varchar(60) DEFAULT NULL,
  `Ciudad` varchar(15) DEFAULT NULL,
  `Región` varchar(15) DEFAULT NULL,
  `CódPostal` varchar(10) DEFAULT NULL,
  `País` varchar(15) DEFAULT NULL,
  `Teléfono` varchar(24) DEFAULT NULL,
  `Fax` varchar(24) DEFAULT NULL,
  `PáginaPrincipal` longtext,
  PRIMARY KEY (`IdProveedor`)
) ENGINE=InnoDB DEFAULT CHARSET=latin1;
/*!40101 SET character_set_client = @saved_cs_client */;

--
-- Dumping data for table `proveedores`
--

LOCK TABLES `proveedores` WRITE;
/*!40000 ALTER TABLE `proveedores` DISABLE KEYS */;
INSERT INTO `proveedores` VALUES (2,'New Orleans Cajun Delights','Shelley Burke','Administrador de pedidos','P.O. Box 78934','New Orleans','LA','70117','Estados Unidos','(100) 555-4822','',''),(3,'Grandma Kelly\'s Homestead','Regina Murphy','Representante de ventas','707 Oxford Rd.','Ann Arbor','MI','48104','Estados Unidos','(313) 555-5735','(313) 555-3349',''),(4,'Tokyo Traders','Yoshi Nagase','Gerente de marketing','9-8 Sekimai\r\nMusashino-shi','Tokyo','','100','Japón','(03) 3555-5011','',''),(6,'Mayumi\'s','Mayumi Ohno','Representante de marketing','92 Setsuko\r\nChuo-ku','Osaka','','545','Japón','(06) 431-7877','',''),(7,'Pavlova, Ltd.','Ian Devling','Gerente de marketing','74 Rose St.\r\nMoonie Ponds','Melbourne','Victoria','3058','Australia','(03) 444-2343','(03) 444-6588',''),(8,'Specialty Biscuits, Ltd.','Peter Wilson','Representante de ventas','29 King\'s Way','Manchester','','M14 GSD','Reino Unido','(161) 555-4448','',''),(9,'PB Knäckebröd AB','Lars Peterson','Agente de ventas','Kaloadagatan 13','Göteborg','','S-345 67','Suecia','031-987 65 43','031-987 65 91',''),(11,'Heli Süßwaren GmbH & Co. KG','Petra Winkler','Gerente de ventas','Tiergartenstraße 5','Berlín','','10785','Alemania','(010) 9984510','',''),(12,'Plutzer Lebensmittelgroßmärkte AG','Martin Bein','Ger. marketing internacional','Bogenallee 51','Frankfurt','','60439','Alemania','(069) 992755','',''),(13,'Nord-Ost-Fisch Handelsgesellschaft mbH','Sven Petersen','Coordinador de mercados','Frahmredder 112a','Cuxhaven','','27478','Alemania','(04721) 8713','(04721) 8714',''),(14,'Formaggi Fortini s.r.l.','Elio Rossi','Representante de ventas','Viale Dante, 75','Ravenna','','48100','Italia','(0544) 60323','(0544) 60603',''),(15,'Norske Meierier','Beate Vileid','Gerente de marketing','Hatlevegen 5','Sandvika','','1320','Noruega','(0)2-953010','',''),(16,'Bigfoot Breweries','Cheryl Saylor','Repr. de cuentas regional','3400 - 8th Avenue\r\nSuite 210','Bend','OR','97101','Estados Unidos','(503) 555-9931','',''),(17,'Svensk Sjöföda AB','Michael Björn','Representante de ventas','Brovallavägen 231','Stockholm','','S-123 45','Suecia','08-123 45 67','',''),(19,'New England Seafood Cannery','Robb Merchant','Agente de cuentas al por mayor','Order Processing Dept.\r\n2100 Paul Revere Blvd.','Boston','MA','02134','Estados Unidos','(617) 555-3267','(617) 555-3389',''),(20,'Leka Trading','Chandra Leka','Propietario','471 Serangoon Loop, Suite #402','Singapore','','0512','Singapur','555-8787','',''),(21,'Lyngbysild','Niels Petersen','Gerente de ventas','Lyngbysild\r\nFiskebakken 10','Lyngby','','2800','Dinamarca','43844108','43844115',''),(22,'Zaanse Snoepfabriek','Dirk Luchte','Gerente de contabilidad','Verkoop\r\nRijnweg 22','Zaandam','','9999 ZZ','Holanda','(12345) 1212','(12345) 1210',''),(23,'Karkki Oy','Anne Heikkonen','Gerente de producción','Valtakatu 12','Lappeenranta','','53120','Finlandia','(953) 10956','',''),(24,'G\'day, Mate','Wendy Mackenzie','Representante de ventas','170 Prince Edward Parade\r\nHunter\'s Hill','Sydney','NSW','2042','Australia','(02) 555-5914','(02) 555-4873',''),(25,'Ma Maison','Jean-Guy Lauzon','Gerente de marketing','2960 Rue St. Laurent','Montréal','Québec','H1J 1C3','Canadá','(514) 555-9022','',''),(26,'Pasta Buttini s.r.l.','Giovanni Giudici','Administrador de pedidos','Via dei Gelsomini, 153','Salerno','','84100','Italia','(089) 6547665','(089) 6547667',''),(27,'Escargots Nouveaux','Marie Delamare','Gerente de ventas','22, rue H. Voiron','Montceau','','71300','Francia','85.57.00.07','',''),(28,'Gai pâturage','Eliane Noz','Representante de ventas','Bat. B\r\n3, rue des Alpes','Annecy','','74000','Francia','38.76.98.06','38.76.98.58','');
/*!40000 ALTER TABLE `proveedores` ENABLE KEYS */;
UNLOCK TABLES;
/*!40103 SET TIME_ZONE=@OLD_TIME_ZONE */;

/*!40101 SET SQL_MODE=@OLD_SQL_MODE */;
/*!40014 SET FOREIGN_KEY_CHECKS=@OLD_FOREIGN_KEY_CHECKS */;
/*!40014 SET UNIQUE_CHECKS=@OLD_UNIQUE_CHECKS */;
/*!40101 SET CHARACTER_SET_CLIENT=@OLD_CHARACTER_SET_CLIENT */;
/*!40101 SET CHARACTER_SET_RESULTS=@OLD_CHARACTER_SET_RESULTS */;
/*!40101 SET COLLATION_CONNECTION=@OLD_COLLATION_CONNECTION */;
/*!40111 SET SQL_NOTES=@OLD_SQL_NOTES */;

-- Dump completed on 2019-02-01  0:31:58